Forum_id,User_id,Date
1722,1808,2020-01-27
1707,1822,2018-02-24
190,1822,2018-02-20
3,1544,2018-05-04
1237,1822,2018-02-27
467,1822,2018-02-21
1934,1992,2018-12-24
347,1822,2018-02-04
1697,1808,2019-11-21
609,81,2020-02-10
905,1822,2018-04-30
1954,1808,2020-01-10
444,1808,2020-01-20
1330,81,2020-02-12
1438,1822,2018-01-31
970,1808,2020-01-07
2004,81,2020-02-23
2044,66,2020-05-12
1329,1812,2020-03-12
1635,1822,2018-04-09
347,1808,2020-02-01
612,81,2020-02-13
594,1808,2019-11-05
222,81,2020-01-28
1650,1822,2018-04-26
832,1983,2020-03-16
1052,81,2020-02-05
576,1822,2018-04-07
470,1808,2019-12-12
2150,1544,2018-03-03
640,1808,2020-02-05
69,1544,2018-02-15
1930,1822,2018-04-09
1104,1544,2018-03-28
2182,81,2020-01-21
1139,1822,2018-03-28
897,1808,2019-11-23
678,1808,2019-11-19
924,1812,2020-01-24
2195,1822,2018-04-15
1260,1822,2018-03-30
1933,1822,2018-03-07
990,1822,2018-04-03
793,81,2020-01-25
600,1983,2020-04-17
1506,1983,2020-04-17
132,1983,2020-02-08
864,81,2020-02-24
848,1992,2019-03-08
1841,1822,2018-04-25
1528,1808,2019-12-30
3,1808,2019-11-27
116,1808,2019-11-07
1697,81,2020-01-27
1350,1812,2020-02-19
1008,1808,2020-01-23
2061,81,2020-03-12
132,1822,2018-03-24
2004,1808,2020-01-17
164,1983,2020-03-10
601,1822,2018-04-15
2161,1822,2018-02-14
1232,1808,2020-01-07
69,1822,2018-03-07
135,1983,2020-02-20
278,1808,2019-11-10
926,1822,2018-03-24
914,81,2020-03-24
941,1983,2020-03-28
1358,81,2020-03-26
914,1983,2020-04-05
137,1822,2018-05-01
537,1983,2020-03-22
132,81,2020-02-03
1490,81,2020-04-17
1145,1808,2020-02-05
578,1808,2019-12-04
288,1822,2018-04-30
1329,1822,2018-01-30
1729,1983,2020-02-27
713,1983,2020-03-28
2019,1808,2019-12-31
1936,1808,2019-11-11
196,1983,2020-01-24
2098,1983,2020-02-29
955,1983,2020-04-22
1699,1822,2018-03-09
1388,81,2020-02-22
1260,1808,2020-01-18
1364,1983,2020-04-17
2084,1808,2020-01-15
1984,1822,2018-03-14
1725,81,2020-03-20
761,1808,2020-01-14
1350,1808,2019-12-03
1033,81,2020-03-16
1927,1822,2018-03-20
1409,1808,2019-12-27
832,1822,2018-03-23
1017,1983,2020-03-31
1816,1992,2019-01-27
1240,66,2020-04-27
1676,1812,2020-01-25
630,1822,2018-03-28
575,1983,2020-03-13
2173,1983,2020-02-06
233,1822,2018-03-27
410,1544,2018-04-09
492,1808,2019-11-30
1616,1808,2019-11-05
1677,1808,2020-01-14
1163,1822,2018-03-09
132,1808,2019-11-09
1480,1983,2020-03-28
306,81,2020-03-02
2060,1822,2018-04-06
338,1808,2019-12-31
331,1983,2020-02-09
780,1822,2018-04-25
677,1808,2019-12-12
347,1983,2020-03-13
479,1822,2018-02-25
2210,1822,2018-03-03
157,64,2020-04-06
1017,1822,2018-02-15
2178,1822,2018-04-10
123,81,2020-02-21
622,81,2020-04-17
1031,1983,2020-02-02
498,1808,2019-12-16
458,1808,2020-01-12
327,81,2020-04-24
132,1544,2018-04-28
1600,1983,2020-03-01
1990,81,2020-03-19
1952,1808,2019-11-20
414,1808,2019-11-19
78,1808,2019-11-03
1650,1983,2020-03-02
78,1983,2020-01-29
604,1983,2020-04-18
905,1983,2020-02-19
832,1992,2019-01-04
260,1822,2018-04-05
1951,1983,2020-03-31
1830,1544,2018-02-01
978,1822,2018-01-28
700,1822,2018-04-20
1954,1822,2018-04-15
891,1808,2020-01-01
53,64,2020-01-23
1252,1983,2020-03-06
201,1808,2019-11-21
1517,1983,2020-04-06
713,1822,2018-02-28
73,1808,2020-02-09
1144,1822,2018-01-25
131,1544,2018-04-22
1237,66,2020-07-01
1563,1983,2020-02-28
1124,1822,2018-02-05
121,1822,2018-03-24
243,1983,2020-02-02
1724,1983,2020-04-18
1989,1822,2018-03-31
1658,1822,2018-04-20
893,1822,2018-03-12
483,81,2020-03-28
1883,1983,2020-01-29
85,1544,2018-03-16
2089,1983,2020-04-01
2006,1822,2018-01-29
623,1544,2018-03-03
173,1822,2018-03-12
75,81,2020-04-03
592,1822,2018-04-27
347,1544,2018-04-30
2171,1822,2018-04-17
115,64,2020-02-07
831,81,2020-04-19
580,1822,2018-03-06
1932,1822,2018-04-21
1644,1983,2020-04-09
612,1822,2018-02-12
1867,1983,2020-02-03
621,1822,2018-02-03
1490,1822,2018-05-01
1564,1822,2018-02-19
1209,81,2020-01-19
2123,1812,2020-02-18
453,1983,2020-04-21
1152,1983,2020-02-08
713,1808,2020-01-15
347,1812,2020-01-21
1701,1822,2018-03-09
1449,64,2020-02-09
1938,1822,2018-03-06
530,1822,2018-04-21
94,1983,2020-03-02
282,1983,2020-04-26
903,1812,2020-04-10
1350,1822,2018-05-03
558,81,2020-03-03
1166,64,2020-03-24
2052,1822,2018-01-24
1211,1822,2018-03-27
1172,1822,2018-02-25
2082,1822,2018-03-15
1055,1822,2018-04-08
1180,1822,2018-04-28
300,1808,2019-11-02
2098,1808,2019-11-06
713,1544,2018-03-23
659,1992,2019-03-10
1562,1822,2018-02-14
1030,1983,2020-02-22
614,1544,2018-03-17
1552,1544,2018-03-08
612,1812,2020-02-05
224,1983,2020-04-12
2010,1822,2018-04-28
246,81,2020-01-21
143,1983,2020-01-24
1396,1983,2020-03-21
1701,1983,2020-03-21
866,1822,2018-02-25
709,1808,2019-11-01
919,1822,2018-02-10
296,81,2020-02-01
1941,81,2020-02-10
400,1808,2019-11-21
860,81,2020-01-19
918,81,2020-04-11
2078,1983,2020-03-16
834,1808,2020-01-10
740,81,2020-02-22
1446,1544,2018-02-09
731,1822,2018-03-07
686,1983,2020-04-01
1041,64,2020-02-12
826,1812,2020-01-17
223,1808,2019-12-24
678,81,2020-03-15
1997,64,2020-02-29
1934,1544,2018-02-20
335,1808,2019-12-06
236,1808,2019-11-15
1605,1822,2018-03-31
129,1808,2019-11-16
540,1808,2019-12-15
2119,1822,2018-03-10
31,1983,2020-03-05
1829,1822,2018-02-16
2147,1822,2018-04-11
102,1808,2020-01-09
1099,1808,2019-11-13
2041,1808,2020-01-04
1544,1808,2020-02-02
820,1822,2018-04-16
309,1992,2019-02-03
164,66,2020-07-31
2032,1808,2019-11-03
1259,1808,2019-12-04
1136,1808,2019-11-07
850,1822,2018-04-23
1033,64,2020-03-06
1976,1983,2020-04-02
1113,1808,2019-12-10
132,64,2020-02-26
2048,81,2020-03-28
1437,1822,2018-05-01
787,1822,2018-05-03
2116,1808,2020-01-07
233,64,2020-02-21
1185,1808,2019-12-17
1364,1808,2019-11-19
1505,64,2020-02-01
1321,1822,2018-02-08
1453,1808,2019-12-06
1232,1992,2019-03-01
2076,1544,2018-04-03
1260,81,2020-04-27
2178,1983,2020-03-28
1802,1808,2019-12-18
229,1808,2020-01-08
1677,1983,2020-02-14
1428,1808,2020-02-08
7,1822,2018-03-01
850,1983,2020-03-09
332,1808,2020-02-05
278,1822,2018-03-28
1256,1822,2018-02-10
921,81,2020-03-10
1797,81,2020-04-20
781,1992,2018-12-20
370,1983,2020-02-10
897,1983,2020-04-23
1767,1808,2019-11-24
880,1808,2019-11-03
1221,1808,2019-11-30
1656,1808,2019-12-18
1761,1822,2018-01-29
1817,1822,2018-04-25
1975,1812,2020-01-10
325,1808,2019-11-28
190,1808,2020-01-10
347,81,2020-01-26
69,1808,2019-12-05
558,1808,2019-12-12
1383,1822,2018-05-02
1387,1983,2020-03-08
612,1983,2020-02-28
1441,1992,2019-02-18
414,1812,2020-04-16
737,1992,2019-01-20
1593,1822,2018-03-20
2125,1983,2020-03-20
1202,1544,2018-03-01
1677,1822,2018-03-17
738,81,2020-01-30
417,1822,2018-02-18
958,1808,2019-11-08
911,1822,2018-02-12
769,1822,2018-03-23
496,1992,2019-01-05
914,1992,2019-03-06
583,1822,2018-02-07
2126,1992,2019-02-21
1099,1992,2019-01-04
1099,1822,2018-04-22
1354,1822,2018-02-20
2150,1808,2019-12-30
615,1808,2020-01-25
2107,81,2020-02-29
2158,1983,2020-02-03
625,1983,2020-03-02
89,1822,2018-04-21
1677,81,2020-01-24
1545,1822,2018-04-13
793,1808,2019-11-15
1613,81,2020-02-27
204,1808,2020-01-31
1032,64,2020-02-06
347,64,2020-01-29
1846,1822,2018-01-29
1057,81,2020-02-03
612,1808,2020-01-13
1160,1983,2020-04-26
1356,1983,2020-02-21
1263,1822,2018-04-03
659,1808,2019-12-23
499,1983,2020-04-10
1975,1808,2019-11-15
323,1808,2019-12-06
1007,64,2020-04-18
484,1983,2020-02-27
32,81,2020-02-27
831,1808,2020-01-15
1545,81,2020-03-02
763,1822,2018-02-16
859,64,2020-01-30
864,1822,2018-02-25
414,1822,2018-01-24
917,1822,2018-01-29
1514,1808,2020-01-30
429,1544,2018-05-05
76,1992,2019-01-17
2024,1812,2020-03-24
1544,66,2020-07-24
1796,1808,2019-11-15
1207,1808,2020-02-02
1586,1812,2020-02-13
1691,1808,2019-12-03
568,1812,2020-04-02
1693,1822,2018-02-13
172,1822,2018-03-25
820,81,2020-02-17
1802,1822,2018-02-14
1934,81,2020-02-28
1545,1808,2019-11-19
1210,1983,2020-03-11
1026,1808,2019-11-17
910,1822,2018-03-24
1043,1983,2020-02-09
2015,1983,2020-04-15
1207,1544,2018-04-21
725,1808,2020-01-14
132,1992,2019-02-01
835,81,2020-04-17
587,1992,2019-03-17
481,1822,2018-03-10
1954,81,2020-03-08
1145,1822,2018-02-14
324,1822,2018-03-02
623,1822,2018-02-01
678,1983,2020-01-24
763,1808,2019-12-11
963,1983,2020-03-15
1222,1808,2019-11-06
1264,1822,2018-02-11
1417,1544,2018-04-25
1516,1808,2020-01-18
1950,81,2020-01-20
1549,1822,2018-02-02
903,1808,2020-02-09
1367,81,2020-04-27
1370,81,2020-02-01
1339,1808,2019-12-22
128,1808,2019-11-22
891,1983,2020-03-20
678,1822,2018-02-20
521,1983,2020-03-12
699,64,2020-04-14
2140,1822,2018-04-03
1912,1808,2019-12-27
476,1544,2018-04-09
506,1822,2018-02-19
333,1808,2020-02-06
1945,1983,2020-04-11
820,66,2020-07-28
313,1822,2018-02-16
1613,1808,2019-12-12
1312,81,2020-03-10
1867,1812,2020-04-11
2191,1822,2018-02-10
1752,1808,2020-01-16
1020,81,2020-02-07
254,1812,2020-03-30
70,1822,2018-03-13
1356,1822,2018-03-23
1215,1822,2018-02-21
1831,64,2020-01-30
986,1822,2018-01-29
286,1822,2018-02-18
2182,1983,2020-02-02
967,1808,2019-12-01
578,1983,2020-04-18
795,1808,2020-02-03
1573,81,2020-04-20
1833,1812,2020-04-05
2212,1983,2020-03-09
1768,1822,2018-02-20
651,1822,2018-02-28
164,1544,2018-02-19
32,1822,2018-04-02
1933,64,2020-02-12
821,1808,2019-11-03
93,1822,2018-01-26
1455,1812,2020-04-05
1662,1544,2018-02-06
132,1812,2020-01-26
756,66,2020-06-13
793,1983,2020-02-15
954,1808,2019-12-11
660,1822,2018-04-24
952,1808,2019-12-03
1650,81,2020-02-09
650,1822,2018-02-23
945,1822,2018-04-03
99,1808,2019-12-04
1298,1822,2018-03-25
1379,1822,2018-02-20
31,1808,2020-01-04
271,81,2020-03-01
925,1808,2019-12-04
1767,1544,2018-02-21
2085,66,2020-07-07
440,1822,2018-01-28
384,1983,2020-03-24
484,64,2020-03-21
29,1983,2020-02-07
1514,81,2020-01-22
740,1808,2020-01-24
1027,81,2020-02-22
540,81,2020-04-09
825,81,2020-04-11
1572,81,2020-04-02
2191,1808,2019-11-11
1156,1983,2020-04-01
1140,1822,2018-03-10
137,1544,2018-04-27
513,1822,2018-01-26
215,1808,2020-01-23
718,1808,2019-11-07
1664,81,2020-01-29
1497,1808,2019-11-02
791,1983,2020-04-07
1728,81,2020-03-13
712,1983,2020-03-19
1545,1983,2020-04-02
1237,1983,2020-04-08
1669,1808,2019-12-01
659,1983,2020-02-16
714,1808,2020-02-03
2123,1983,2020-03-01
1448,1808,2019-11-10
1120,1822,2018-03-06
1954,1544,2018-03-22
731,1983,2020-03-06
1788,1983,2020-02-20
1540,1983,2020-03-23
1961,1822,2018-02-22
592,1808,2019-12-20
1831,1808,2020-01-06
1827,1808,2019-11-11
1613,1983,2020-04-08
1123,1808,2020-02-02
665,1808,2019-12-29
1877,1544,2018-03-26
1985,1792,2020-06-15
1329,81,2020-01-27
126,1822,2018-04-15
1392,1822,2018-01-26
258,1983,2020-03-26
816,1822,2018-01-25
651,1992,2019-02-16
2178,1808,2019-12-11
1599,1983,2020-03-03
102,81,2020-02-21
1352,1812,2020-03-11
751,1544,2018-05-10
1593,1544,2018-02-21
564,1808,2019-12-04
1088,1822,2018-03-02
2098,1822,2018-03-26
90,1983,2020-04-09
215,1822,2018-02-28
120,1822,2018-04-24
338,1822,2018-04-29
1169,1808,2020-01-18
1441,1544,2018-05-11
636,1983,2020-02-08
1167,1544,2018-04-21
268,1808,2020-01-13
709,1983,2020-02-16
2113,81,2020-04-07
1237,81,2020-02-09
537,1544,2018-02-05
1767,81,2020-03-25
1330,1983,2020-02-16
292,1822,2018-03-14
1819,1822,2018-02-06
1995,81,2020-04-20
1425,1808,2019-12-05
1586,1544,2018-02-02
146,64,2020-02-13
1544,1983,2020-02-12
1482,1983,2020-04-11
2041,1822,2018-04-29
1286,1822,2018-01-26
13,1983,2020-04-09
2041,1992,2019-03-03
90,1808,2019-12-17
368,64,2020-02-29
493,1983,2020-04-10
1163,81,2020-03-17
313,1808,2019-11-26
45,1822,2018-04-30
190,1983,2020-03-31
798,1808,2019-12-17
190,1544,2018-05-07
586,1544,2018-03-23
599,1808,2020-01-01
1098,1822,2018-02-23
583,1808,2019-12-05
1747,1822,2018-03-09
250,1822,2018-02-14
160,1808,2019-11-16
649,66,2020-06-04
670,1983,2020-02-23
1480,81,2020-01-28
1428,1822,2018-02-20
78,1812,2020-04-08
2101,1808,2019-11-02
190,81,2020-02-23
1727,1822,2018-02-17
1566,1544,2018-02-01
1443,1822,2018-04-07
353,1983,2020-03-30
2119,1812,2020-03-06
484,1822,2018-04-12
1453,1983,2020-03-21
197,1822,2018-03-23
153,1983,2020-02-12
885,81,2020-01-22
1929,1808,2019-12-23
1945,1808,2019-12-13
825,1822,2018-01-28
233,1983,2020-04-15
1329,1808,2020-01-18
1548,1822,2018-03-18
1584,1822,2018-04-14
1756,1822,2018-04-04
2056,81,2020-04-22
954,64,2020-03-28
1615,1992,2019-02-20
769,1808,2019-12-21
332,81,2020-01-23
708,1808,2019-11-23
891,1822,2018-03-17
1843,1808,2020-02-07
709,1992,2019-01-03
668,81,2020-04-05
1135,1822,2018-02-01
969,1808,2019-11-10
731,66,2020-07-31
2182,1808,2020-01-27
1688,1544,2018-02-07
1951,64,2020-04-02
769,64,2020-03-04
1537,1822,2018-02-04
2080,1822,2018-04-03
1064,1822,2018-02-24
1867,1822,2018-02-06
1121,1808,2020-01-28
952,1983,2020-02-28
1711,1822,2018-04-25
958,1822,2018-01-24
697,64,2020-03-18
863,1822,2018-03-26
1360,81,2020-04-03
1461,1822,2018-04-18
655,1983,2020-04-07
2019,1822,2018-04-19
1593,81,2020-01-28
55,1822,2018-02-20
1974,1822,2018-04-06
1829,1808,2020-01-02
2191,81,2020-03-03
1514,1983,2020-02-06
1098,1812,2020-03-30
3,1822,2018-04-24
1006,1808,2019-12-21
1104,1808,2019-12-15
668,1822,2018-03-28
318,1822,2018-03-29
1074,1544,2018-02-21
2145,1808,2019-11-23
1056,64,2020-01-23
1005,1544,2018-03-26
642,1822,2018-04-17
685,1992,2019-01-21
1793,64,2020-01-27
1169,1983,2020-04-10
407,1808,2020-01-16
1066,1822,2018-02-08
914,1822,2018-04-19
695,1808,2020-01-28
643,1808,2019-12-15
1990,1983,2020-03-10
1119,1808,2019-11-20
550,1808,2020-01-02
506,1544,2018-05-02
653,1808,2020-02-07
786,1544,2018-04-01
1468,1808,2019-12-24
994,1983,2020-01-30
913,1808,2019-11-16
1147,1822,2018-02-11
430,1544,2018-03-14
702,81,2020-03-26
1669,81,2020-02-13
253,1808,2020-02-03
660,1992,2019-01-31
1639,1983,2020-04-18
1476,1808,2019-11-06
1429,81,2020-04-09
1058,81,2020-04-05
791,1544,2018-04-23
347,1992,2019-02-08
1095,1983,2020-03-12
1309,1808,2020-01-15
136,1808,2020-01-06
384,1822,2018-04-09
442,1822,2018-02-15
1595,1808,2019-12-01
422,1822,2018-04-03
412,1822,2018-03-25
249,1983,2020-04-23
493,81,2020-03-11
1439,1983,2020-04-25
1554,1822,2018-03-31
574,1808,2019-11-29
2085,1983,2020-04-03
648,1822,2018-02-07
1806,1822,2018-02-16
2207,1983,2020-04-09
2114,1812,2020-01-15
782,1808,2019-12-31
541,81,2020-04-27
1650,1808,2019-12-20
1417,1983,2020-04-09
1352,1544,2018-02-01
1078,1983,2020-04-05
2133,1808,2020-01-03
38,1544,2018-02-18
1554,1983,2020-01-29
1826,1983,2020-04-15
1673,1544,2018-05-05
1879,1822,2018-02-06
330,81,2020-04-06
653,1822,2018-02-26
14,1983,2020-03-13
13,81,2020-02-07
718,1822,2018-04-02
2036,81,2020-02-17
232,1983,2020-02-24
271,1808,2020-01-02
280,1983,2020-04-29
1500,1983,2020-02-24
1313,1983,2020-02-27
1937,1992,2019-02-07
1358,1808,2019-12-12
867,1992,2019-01-04
1552,1808,2019-12-25
559,1808,2020-02-04
332,1822,2018-02-21
2024,1822,2018-01-24
1358,1983,2020-04-30
1099,81,2020-03-13
954,1992,2018-12-25
1448,1822,2018-02-24
356,81,2020-03-10
1287,1544,2018-03-05
1593,1808,2019-12-26
343,1983,2020-02-17
229,1822,2018-04-24
1120,1983,2020-04-14
908,1822,2018-03-06
519,1808,2019-12-23
1239,1822,2018-01-28
1323,1822,2018-02-26
1619,81,2020-02-15
1261,1822,2018-03-05
462,1992,2019-03-07
540,1822,2018-03-18
1507,1822,2018-04-07
1677,1544,2018-03-21
2209,1983,2020-03-26
706,1808,2019-11-21
655,1822,2018-01-25
1382,1822,2018-02-10
612,1544,2018-02-14
348,81,2020-03-10
1166,1822,2018-03-05
1099,1983,2020-04-28
978,1812,2020-03-28
95,1983,2020-03-27
1798,1992,2019-02-10
1491,1822,2018-02-21
871,1544,2018-03-22
1350,1983,2020-02-02
1970,1808,2019-12-11
1639,1822,2018-04-05
595,1992,2019-03-16
1124,81,2020-03-30
507,1983,2020-03-08
975,81,2020-02-24
1478,1822,2018-04-17
1350,1544,2018-02-22
931,81,2020-04-21
958,1544,2018-02-21
769,1544,2018-05-12
1377,1808,2020-01-23
744,1822,2018-02-26
287,1983,2020-05-01
2098,1544,2018-02-20
1841,1983,2020-02-10
1841,1808,2019-11-13
111,1822,2018-03-14
2121,1812,2020-01-27
241,1822,2018-03-21
307,1544,2018-03-21
918,64,2020-01-31
2153,1822,2018-04-02
369,1822,2018-04-17
1329,1544,2018-03-24
2087,81,2020-03-01
869,1983,2020-02-17
2190,1983,2020-05-03
25,1812,2020-03-28
420,81,2020-01-29
1904,1808,2020-01-18
1235,1822,2018-02-10
866,1808,2020-02-09
2075,1822,2018-02-01
403,81,2020-02-15
658,1808,2019-11-22
1900,1822,2018-03-25
1213,1544,2018-03-23
1334,1983,2020-02-06
1832,1983,2020-04-17
1672,1544,2018-04-10
2051,81,2020-02-14
1339,1983,2020-03-04
1986,66,2020-07-22
1151,81,2020-03-25
1145,81,2020-03-13
1358,1812,2020-03-30
1285,1983,2020-02-28
2178,64,2020-03-02
1260,1983,2020-03-20
404,1992,2019-03-08
1888,1544,2018-04-03
1855,1822,2018-04-11
1540,1822,2018-04-24
1321,81,2020-03-05
1381,1822,2018-02-22
684,1983,2020-03-01
1350,81,2020-03-16
1574,1983,2020-04-14
2098,81,2020-02-24
897,1812,2020-01-14
1205,1808,2019-12-02
820,1983,2020-01-28
1689,1822,2018-04-23
1517,1992,2019-02-04
1247,81,2020-04-09
67,1822,2018-03-13
1729,1822,2018-03-16
1388,1808,2020-01-17
1256,1808,2019-11-20
1514,64,2020-03-13
1484,81,2020-03-01
697,81,2020-02-21
400,1822,2018-01-31
1826,81,2020-01-28
1638,81,2020-03-16
303,1808,2019-12-01
1648,1822,2018-02-24
221,1822,2018-02-08
1323,81,2020-03-04
292,1983,2020-03-20
1994,1808,2020-01-06
870,1808,2019-11-29
1783,1983,2020-03-07
1033,1822,2018-03-05
823,1822,2018-04-01
769,81,2020-02-21
1514,1544,2018-04-16
767,1822,2018-02-25
1108,1808,2020-01-08
1232,1822,2018-04-08
123,1822,2018-04-05
448,1983,2020-04-01
240,1983,2020-03-27
38,1983,2020-04-28
907,1808,2020-01-24
2213,1808,2019-11-04
349,1808,2019-11-26
292,1808,2019-12-11
1131,81,2020-01-28
662,1808,2019-12-20
754,1822,2018-04-09
1440,1822,2018-02-28
2182,1822,2018-03-02
527,1983,2020-03-13
1688,1822,2018-03-17
449,1808,2019-12-08
554,81,2020-03-11
357,1808,2019-12-30
367,1983,2020-02-04
1670,1822,2018-03-01
1039,1983,2020-02-15
202,1808,2019-12-14
400,1983,2020-02-04
337,1992,2019-01-20
1263,81,2020-04-06
2129,1983,2020-03-21
1760,1808,2020-01-24
942,64,2020-03-03
1935,1822,2018-02-01
113,1808,2020-01-06
1613,1544,2018-04-09
1441,1808,2020-02-04
853,1808,2019-11-02
1331,81,2020-04-18
1423,1822,2018-02-04
81,1808,2019-11-18
1701,81,2020-02-05
2045,1808,2020-01-30
199,1808,2019-11-29
1257,64,2020-02-28
978,81,2020-02-21
979,1822,2018-03-09
296,1822,2018-03-07
879,1544,2018-04-17
697,1808,2020-01-21
2048,1808,2019-11-21
1697,1822,2018-02-04
2123,81,2020-01-31
173,1992,2019-02-16
1897,1808,2019-12-14
179,64,2020-04-24
1002,1983,2020-02-05
1934,1822,2018-02-19
1098,64,2020-02-20
1350,64,2020-03-23
1129,1808,2020-02-01
56,1808,2019-12-13
1615,1808,2020-01-19
934,1808,2019-11-08
452,1544,2018-02-21
1988,1808,2020-01-25
1273,1822,2018-03-31
1615,64,2020-01-29
564,1983,2020-04-03
1613,1822,2018-01-31
66,64,2020-01-24
422,81,2020-01-18
520,1808,2020-01-27
961,1808,2020-01-03
1207,1992,2019-02-24
540,1983,2020-04-08
1425,81,2020-04-23
1107,1822,2018-03-28
2129,1808,2020-01-02
617,1822,2018-04-15
1707,1808,2020-01-26
1341,1822,2018-04-26
1951,1822,2018-03-05
581,1808,2020-01-08
756,1808,2019-12-04
1008,1822,2018-04-23
1566,64,2020-03-15
573,1812,2020-02-12
1687,81,2020-03-23
311,1983,2020-04-08
2147,1808,2019-12-19
792,1992,2019-02-24
254,1983,2020-03-28
15,1808,2019-12-06
1406,1822,2018-05-01
316,1822,2018-02-17
1046,1544,2018-02-22
313,1812,2020-04-01
1413,1544,2018-03-10
1423,1808,2020-01-30
37,1812,2020-04-14
1938,81,2020-03-09
939,81,2020-02-26
836,1822,2018-04-07
1545,1992,2019-01-11
1037,1822,2018-04-04
1881,1822,2018-03-26
1291,1808,2019-12-31
532,1822,2018-04-30
1339,1822,2018-03-26
1544,1992,2018-12-26
862,1992,2019-03-05
1514,1992,2019-01-07
1514,1812,2020-02-20
887,1822,2018-02-17
818,1983,2020-03-15
225,1822,2018-04-09
1958,1983,2020-03-04
769,1983,2020-02-28
1608,1983,2020-03-05
1914,1808,2020-01-10
978,1544,2018-02-07
1387,1822,2018-03-27
1707,1544,2018-03-02
78,81,2020-02-04
1259,1983,2020-03-06
971,1808,2019-12-18
1992,1808,2020-01-25
521,1822,2018-02-11
1833,1822,2018-03-10
2164,1808,2020-02-01
296,1983,2020-02-10
1873,1983,2020-03-20
1649,1822,2018-02-20
1671,1983,2020-04-10
489,1822,2018-01-27
480,1983,2020-03-07
1326,1822,2018-03-01
861,64,2020-04-08
22,1808,2020-02-03
1361,1808,2020-02-03
1957,81,2020-02-08
854,1822,2018-05-03
1701,1808,2019-12-15
349,81,2020-03-06
1383,1983,2020-03-18
1715,1812,2020-03-28
2061,1983,2020-01-25
507,1808,2020-01-16
1651,1808,2019-11-21
106,1808,2020-01-07
416,1544,2018-04-16
1994,1822,2018-05-04
225,1808,2020-01-28
1900,1544,2018-02-10
342,64,2020-03-11
1953,1822,2018-03-15
957,1983,2020-04-09
151,1822,2018-01-27
1835,1983,2020-04-19
926,1808,2019-11-05
1329,1983,2020-04-15
113,1992,2019-01-16
1863,1808,2020-01-14
1733,1808,2019-11-24
205,1983,2020-02-09
793,1822,2018-04-05
1844,1808,2020-01-06
1981,1808,2019-11-30
1255,1822,2018-03-29
1784,81,2020-04-10
1128,1808,2019-11-17
56,1983,2020-03-20
1239,1983,2020-04-14
1994,1983,2020-04-30
1590,1808,2019-12-28
1237,1808,2020-01-14
1586,1808,2020-01-02
2068,1822,2018-02-02
1650,1992,2019-02-12
2015,1822,2018-01-28
1812,1983,2020-01-29
451,1822,2018-03-21
1573,1822,2018-02-16
2072,1983,2020-04-17
421,1983,2020-03-01
1364,1822,2018-03-09
1259,1822,2018-03-28
264,1992,2019-01-24
134,81,2020-04-03
1298,81,2020-02-10
1127,1808,2019-11-28
383,1808,2019-11-19
791,1822,2018-01-27
798,1983,2020-03-22
952,1822,2018-03-18
1519,1822,2018-04-22
90,81,2020-01-20
1195,1822,2018-02-11
795,1822,2018-04-17
826,1822,2018-04-09
1355,81,2020-04-10
374,1808,2019-11-25
56,1822,2018-01-31
1408,1822,2018-05-04
153,64,2020-01-26
1948,1544,2018-03-15
934,1992,2019-02-10
1855,1983,2020-02-17
832,1544,2018-03-08
634,1808,2019-12-06
211,1808,2020-02-03
272,1808,2019-11-24
2089,1808,2019-12-27
2128,1822,2018-04-23
141,1822,2018-02-23
1490,1808,2020-01-09
658,1822,2018-04-19
1541,1983,2020-02-07
709,1822,2018-02-08
1078,1822,2018-04-28
1586,1822,2018-04-21
1400,1822,2018-04-28
911,1992,2019-01-03
948,1983,2020-03-28
387,1544,2018-05-09
491,1822,2018-03-13
1166,81,2020-01-20
1802,1992,2019-02-23
1183,1544,2018-03-12
1920,1544,2018-05-08
1312,1822,2018-02-04
965,1808,2020-01-19
696,81,2020-03-28
1404,1544,2018-05-12
2021,1983,2020-03-12
2119,1983,2020-02-01
1767,1822,2018-03-12
811,1992,2019-02-19
1589,1822,2018-02-03
1613,64,2020-02-22
1595,1983,2020-04-27
24,1983,2020-04-16
1584,1808,2019-12-04
1048,1808,2019-11-05
1771,81,2020-03-05
1808,1822,2018-04-08
1834,1822,2018-02-07
1287,1983,2020-04-12
1218,1822,2018-05-02
106,1544,2018-04-10
2190,1992,2019-02-08
1262,1992,2018-12-24
376,1808,2019-11-29
1503,1808,2019-12-07
976,1983,2020-04-14
361,1983,2020-03-12
1557,1983,2020-01-26
2048,64,2020-02-05
633,1822,2018-04-28
214,1822,2018-02-08
744,64,2020-04-10
549,1808,2019-11-06
1237,1544,2018-03-14
832,1808,2019-12-04
708,1822,2018-04-12
1330,1822,2018-02-03
897,81,2020-04-13
116,1822,2018-02-02
1545,1544,2018-02-04
90,1544,2018-02-14
671,1983,2020-03-01
1099,1544,2018-02-04
1115,1808,2019-12-19
883,1822,2018-03-12
1166,1808,2019-12-02
1120,1808,2020-01-02
233,81,2020-01-22
2178,1544,2018-03-31
464,1544,2018-04-04
184,1808,2020-01-18
2068,81,2020-02-02
173,1983,2020-02-28
1241,1808,2020-01-01
840,1808,2020-02-09
2045,1992,2019-01-19
696,1808,2019-11-15
840,81,2020-03-08
1048,1992,2019-01-02
1908,1808,2020-02-07
1207,1812,2020-01-26
1675,1808,2019-12-17
1173,1808,2019-11-04
1255,1808,2019-12-06
1152,1822,2018-02-26
700,1808,2019-12-03
2118,1983,2020-03-16
605,1822,2018-03-19
1790,1822,2018-03-18
1717,1992,2019-03-18
517,1983,2020-02-25
1955,1992,2019-01-21
716,81,2020-04-10
1476,1822,2018-02-15
105,1812,2020-02-17
1931,1983,2020-03-03
639,81,2020-01-27
258,81,2020-04-12
848,1983,2020-03-20
2061,1808,2020-02-04
1480,1822,2018-01-29
1092,81,2020-02-20
1699,1983,2020-04-20
1259,1992,2019-03-04
1923,1822,2018-01-26
379,81,2020-01-28
776,1983,2020-02-05
748,1983,2020-04-11
818,1822,2018-04-05
1333,1808,2019-12-05
396,1822,2018-04-23
1273,1983,2020-02-09
1677,1992,2019-03-18
629,1808,2019-12-10
1807,1808,2019-11-23
777,1812,2020-01-24
11,1808,2019-11-29
333,1983,2020-02-20
1741,1822,2018-02-23
102,1992,2019-01-31
954,81,2020-02-18
168,1822,2018-04-13
350,1822,2018-04-20
697,1983,2020-03-26
234,81,2020-01-27
1441,1983,2020-01-24
1090,1822,2018-02-05
1152,1808,2020-01-31
1794,81,2020-03-20
727,1822,2018-04-22
1791,1822,2018-03-15
1593,1983,2020-03-29
1545,66,2020-07-25
92,1544,2018-03-25
298,1808,2020-01-05
613,1822,2018-02-06
942,1808,2020-01-14
1544,1822,2018-03-25
681,64,2020-04-15
983,1983,2020-02-25
1930,64,2020-02-03
1287,81,2020-03-16
1583,81,2020-04-01
919,1808,2019-12-20
1450,1822,2018-01-24
1990,1822,2018-03-24
671,1992,2019-02-18
313,1992,2019-02-21
157,1808,2020-02-08
1632,1822,2018-05-01
410,1822,2018-04-07
359,1822,2018-03-02
450,1822,2018-04-01
910,1808,2019-12-08
1774,1808,2019-11-01
631,1808,2019-12-04
1828,81,2020-04-02
1971,1808,2020-01-20
1951,81,2020-02-19
1469,1983,2020-03-24
1246,1544,2018-02-05
933,1822,2018-04-16
729,1822,2018-03-31
814,1992,2019-02-02
264,1808,2019-12-30
265,81,2020-04-05
1823,1983,2020-04-15
1596,1812,2020-03-05
663,1808,2020-01-31
360,1822,2018-04-23
2020,1983,2020-01-26
97,1808,2019-12-12
891,66,2020-05-30
958,1992,2019-02-21
1499,1544,2018-03-21
3,1983,2020-03-01
2184,1822,2018-01-26
882,1808,2019-12-02
1784,1983,2020-01-30
447,81,2020-04-23
1604,1544,2018-04-27
984,1822,2018-02-19
258,1808,2020-01-14
363,1822,2018-03-22
397,1992,2019-01-18
2000,1983,2020-04-26
1083,81,2020-02-13
1624,1808,2020-02-01
414,81,2020-04-23
2188,1822,2018-03-15
1009,1808,2019-11-02
1761,1808,2019-12-19
1749,1808,2020-01-10
477,1983,2020-03-14
178,1983,2020-04-14
446,1822,2018-04-30
1640,81,2020-04-01
1204,1808,2019-11-08
592,1812,2020-02-22
30,1983,2020-04-13
78,1822,2018-03-22
1898,81,2020-04-19
2195,1808,2020-01-01
2134,1983,2020-04-27
1021,1983,2020-03-01
1880,1822,2018-01-26
915,1808,2019-12-10
1835,81,2020-03-26
708,64,2020-03-15
1407,1983,2020-04-04
1592,1983,2020-03-21
535,1812,2020-01-10
31,81,2020-03-15
879,1822,2018-03-15
1358,1822,2018-04-14
1829,81,2020-03-30
2068,1983,2020-02-18
192,1822,2018-02-21
189,1544,2018-04-16
867,1808,2020-01-01
447,64,2020-03-27
1758,1983,2020-02-01
1550,1822,2018-03-28
1862,1822,2018-02-08
731,81,2020-02-07
874,1822,2018-03-18
1951,1992,2019-01-23
1976,1544,2018-03-30
2112,81,2020-03-13
1706,1983,2020-04-16
1124,1808,2019-12-24
711,1822,2018-02-07
796,1808,2020-02-04
2080,1983,2020-02-03
1627,1808,2020-02-01
441,1808,2019-12-20
762,1983,2020-04-02
277,1822,2018-04-16
374,1983,2020-04-30
34,1808,2019-12-02
910,1992,2019-01-22
748,81,2020-02-23
2139,81,2020-02-25
2151,1808,2019-11-18
1043,1822,2018-02-17
625,64,2020-04-15
1514,1822,2018-04-17
634,1822,2018-04-28
1426,1808,2019-12-07
1566,1983,2020-02-28
156,1983,2020-05-02
1110,1983,2020-03-05
317,1822,2018-01-29
833,1822,2018-03-13
57,1822,2018-02-07
988,1822,2018-05-02
1565,1822,2018-03-01
1073,1822,2018-03-29
553,1983,2020-04-21
1271,1983,2020-05-03
1779,1808,2019-12-19
1268,1983,2020-04-01
1304,1808,2019-12-08
410,1992,2019-01-21
191,1544,2018-04-13
900,1992,2019-02-03
724,1983,2020-02-06
1442,1822,2018-02-24
39,1808,2019-12-12
92,1808,2019-12-04
1898,1822,2018-02-03
1586,1983,2020-01-24
2048,1822,2018-03-09
748,1808,2019-11-10
1967,1808,2020-01-28
1490,1983,2020-04-02
384,1808,2019-12-07
1074,1983,2020-01-31
507,1822,2018-02-15
2194,1822,2018-04-12
1621,1822,2018-03-14
1954,1983,2020-01-28
1846,81,2020-02-25
1022,1983,2020-04-25
111,81,2020-03-14
1523,1808,2020-01-30
825,1983,2020-02-26
1186,1822,2018-03-05
1358,1992,2019-02-01
1888,1822,2018-02-19
264,81,2020-03-10
1767,64,2020-02-26
1031,1808,2019-11-10
1290,1822,2018-03-28
173,1544,2018-05-12
1802,81,2020-02-17
239,1812,2020-01-20
1483,1822,2018-02-23
1363,1822,2018-04-23
940,1822,2018-02-25
852,1983,2020-03-04
2135,81,2020-03-30
725,1983,2020-03-09
326,1822,2018-03-15
123,1808,2019-11-04
1801,1992,2019-03-17
744,1808,2020-01-12
2014,1822,2018-04-08
1934,1812,2020-04-08
296,1812,2020-03-05
651,81,2020-02-01
94,81,2020-03-11
713,1812,2020-03-31
1176,1983,2020-03-04
1311,1992,2019-01-14
1956,1808,2019-12-03
1197,1822,2018-03-03
2138,1808,2019-11-19
117,1822,2018-03-30
1871,1808,2019-12-04
1750,1808,2020-01-14
1287,1822,2018-03-18
1374,1808,2019-11-02
1461,81,2020-04-17
1649,1983,2020-03-30
1296,1822,2018-02-25
899,1822,2018-02-20
362,81,2020-03-19
353,81,2020-02-26
1742,1983,2020-02-16
1719,81,2020-04-27
630,1983,2020-02-18
1088,1544,2018-03-13
1470,1822,2018-02-13
2093,1808,2019-12-14
355,1808,2019-11-03
1781,1808,2020-02-08
1934,1808,2019-11-03
1182,1822,2018-02-06
114,81,2020-02-29
1044,1808,2019-11-29
616,1822,2018-04-08
776,81,2020-03-01
740,1822,2018-04-22
1684,1992,2019-03-02
342,1808,2019-11-17
1019,81,2020-03-30
2130,1822,2018-03-04
271,1822,2018-01-27
1534,1983,2020-03-07
998,1822,2018-03-17
1646,1822,2018-03-12
237,1983,2020-02-28
1717,1808,2020-02-09
1374,1822,2018-03-12
311,81,2020-03-29
1210,1812,2020-03-27
1039,1808,2020-01-28
1480,1544,2018-04-10
1949,1983,2020-01-27
460,1983,2020-03-01
43,1992,2019-01-08
1982,81,2020-04-11
697,1822,2018-02-19
568,1983,2020-03-03
1946,1983,2020-02-22
694,81,2020-04-10
1849,81,2020-03-03
1657,1808,2020-01-18
670,1822,2018-02-23
382,1992,2019-02-26
667,1822,2018-02-27
253,1544,2018-02-05
972,1808,2019-11-21
1232,81,2020-01-26
792,1983,2020-03-12
168,1983,2020-02-04
1858,81,2020-01-26
292,1544,2018-04-18
1831,1983,2020-03-25
820,1808,2020-02-03
537,1808,2019-12-02
74,1544,2018-03-05
811,1822,2018-03-10
320,1808,2020-01-28
1931,1822,2018-04-22
1612,81,2020-04-15
653,1983,2020-03-09
541,1808,2020-01-06
1625,1822,2018-02-22
135,1822,2018-02-24
1188,1808,2019-12-08
1208,1822,2018-02-22
1795,1822,2018-02-06
1262,1808,2020-01-04
353,1822,2018-04-20
659,81,2020-02-12
330,1983,2020-02-15
401,81,2020-03-05
380,1808,2020-01-13
635,81,2020-04-07
793,1992,2019-02-07
956,64,2020-04-24
876,1808,2019-12-25
1658,1808,2020-01-28
976,1808,2019-12-26
754,1808,2019-11-30
1935,1544,2018-03-31
340,81,2020-01-19
473,1822,2018-02-10
1259,81,2020-04-21
1355,1983,2020-03-21
1844,1983,2020-04-27
561,1808,2020-01-03
2124,1822,2018-03-26
377,81,2020-03-11
141,1808,2019-12-17
1618,81,2020-03-12
569,1822,2018-03-06
1905,1808,2020-02-05
52,1808,2020-01-12
1671,81,2020-02-15
568,1808,2019-11-22
756,1822,2018-04-12
190,1992,2018-12-28
113,1822,2018-04-12
1737,1822,2018-03-17
1361,81,2020-04-05
914,1808,2020-01-12
659,1822,2018-04-16
1389,1822,2018-03-24
1534,1822,2018-03-20
1329,1992,2019-01-15
1544,81,2020-04-26
592,1992,2019-01-07
2208,81,2020-01-27
2190,1822,2018-04-10
1671,1808,2019-12-31
122,1822,2018-04-28
874,1808,2020-01-19
2106,1544,2018-04-11
1578,1822,2018-03-07
1246,1983,2020-04-09
534,1983,2020-02-09
881,1983,2020-04-25
514,1822,2018-02-10
575,1544,2018-03-21
1287,1808,2019-11-15
651,1983,2020-03-23
1897,1822,2018-03-07
840,1822,2018-04-28
1045,1822,2018-02-17
1720,1822,2018-02-26
1360,1544,2018-04-22
897,1544,2018-03-19
1302,1808,2020-01-30
1841,81,2020-01-29
1390,1808,2019-12-20
660,1808,2019-12-29
1176,1808,2020-01-21
2194,1808,2019-12-22
2159,1822,2018-02-03
414,1983,2020-02-26
431,1808,2020-02-03
144,1808,2019-11-14
1676,1983,2020-02-04
2190,81,2020-02-03
32,1983,2020-04-04
1650,1544,2018-02-08
782,1822,2018-05-01
129,1822,2018-02-22
1934,1983,2020-04-04
1877,1983,2020-02-01
2071,1822,2018-02-01
1030,1808,2019-12-22
330,1544,2018-03-30
13,1822,2018-03-05
1371,1808,2020-02-01
1230,1822,2018-03-16
422,1808,2019-12-04
327,1544,2018-03-03
2003,1822,2018-04-08
1594,81,2020-02-26
1676,1822,2018-03-15
181,1808,2019-11-19
771,1822,2018-04-28
1099,64,2020-04-22
769,1992,2019-03-03
915,1822,2018-03-03
1003,1808,2019-11-10
1324,1822,2018-03-16
104,1822,2018-01-27
1297,1808,2019-12-01
406,1808,2019-11-04
147,1808,2019-11-25
911,64,2020-04-16
739,1983,2020-04-21
457,1822,2018-03-01
674,1992,2019-02-13
1222,64,2020-02-12
10,1808,2020-01-07
1858,1822,2018-04-02
34,1822,2018-02-14
2035,81,2020-02-23
399,1822,2018-01-29
1784,1822,2018-02-24
1994,81,2020-03-11
1295,1822,2018-04-04
407,1983,2020-02-05
173,64,2020-02-06
1537,1992,2018-12-22
560,1983,2020-02-14
271,64,2020-04-10
726,1808,2019-12-22
2070,1822,2018-02-26
1988,1822,2018-04-09
681,1544,2018-02-27
597,1822,2018-04-30
820,1544,2018-03-12
1666,1822,2018-04-28
1027,1822,2018-02-06
932,1808,2019-12-17
1236,1808,2020-01-24
2019,81,2020-03-21
67,1808,2019-12-23
658,1983,2020-02-23
909,81,2020-04-08
2019,1983,2020-04-29
1526,1992,2019-02-13
2152,1822,2018-01-30
13,1808,2019-11-28
3,64,2020-04-05
344,1983,2020-03-26
1857,1808,2019-11-28
968,1822,2018-03-24
1744,1808,2020-01-21
351,1812,2020-02-03
1909,1822,2018-02-21
1701,1544,2018-02-26
1650,1812,2020-02-04
243,1808,2019-12-16
1506,1822,2018-01-25
731,1808,2020-01-18
164,1808,2020-01-07
26,1983,2020-03-13
743,1808,2019-12-16
958,1983,2020-04-09
1740,1983,2020-02-28
1555,1822,2018-03-09
502,1983,2020-03-21
1729,1544,2018-04-01
1829,1992,2018-12-31
1480,1808,2020-02-05
542,1822,2018-04-09
2000,81,2020-04-21
1724,1822,2018-03-08
2006,1808,2020-02-05
508,1983,2020-04-01
1153,1822,2018-02-14
123,1992,2019-01-10
784,1822,2018-04-06
678,1544,2018-03-05
392,1812,2020-01-17
1667,1808,2020-02-07
879,81,2020-02-17
1480,1992,2019-01-17
543,1822,2018-01-27
2140,1808,2019-11-28
1304,1822,2018-04-19
993,81,2020-03-07
1499,1822,2018-05-04
1258,1822,2018-04-11
888,1808,2019-11-02
1943,81,2020-04-26
281,1983,2020-04-19
200,1992,2019-03-06
1822,1983,2020-03-03
420,1808,2019-12-13
1641,1808,2019-12-31
252,1983,2020-02-02
1546,1983,2020-03-15
197,1808,2020-01-16
1135,81,2020-02-04
1604,1808,2019-12-21
1040,1808,2020-01-04
1166,1983,2020-01-28
918,1822,2018-03-08
1193,1983,2020-02-03
935,1808,2020-01-02
1256,1544,2018-02-01
1534,1808,2019-12-31
577,1983,2020-04-21
2195,1992,2019-01-28
243,81,2020-01-22
400,81,2020-02-11
1176,1822,2018-04-20
500,1983,2020-03-24
583,1992,2019-03-04
1495,1808,2020-01-26
918,1983,2020-03-27
627,81,2020-01-30
2156,1983,2020-05-01
1606,1822,2018-03-19
29,1808,2020-01-09
979,81,2020-04-03
1191,1808,2019-12-03
1246,1808,2020-01-02
2197,81,2020-04-14
646,1983,2020-03-27
737,1808,2019-12-25
993,1808,2019-11-19
226,81,2020-02-10
938,1808,2019-12-21
1436,1983,2020-02-28
1343,1544,2018-03-26
173,1808,2019-11-12
625,1808,2019-12-23
461,1808,2019-11-17
730,1822,2018-02-02
1818,1822,2018-02-21
537,1992,2019-02-21
685,81,2020-01-28
2105,81,2020-01-26
808,1822,2018-02-15
791,1808,2019-12-25
1918,1544,2018-04-15
290,1822,2018-04-26
2051,66,2020-04-24
1250,81,2020-01-24
134,1822,2018-04-30
640,1983,2020-03-24
1043,1808,2020-01-16
77,81,2020-02-02
1540,1544,2018-04-13
578,1822,2018-04-04
24,1822,2018-04-09
819,1822,2018-01-24
1853,1812,2020-03-30
793,1544,2018-02-09
222,1983,2020-04-18
1501,1822,2018-01-28
989,1822,2018-04-22
489,1812,2020-02-13
374,1822,2018-02-26
1503,1822,2018-04-14
586,1992,2019-01-27
1278,1822,2018-03-10
1528,1544,2018-03-25
125,81,2020-04-22
2195,1812,2020-01-30
2008,1812,2020-04-01
330,1808,2019-12-25
289,1822,2018-02-24
340,1808,2019-12-07
1528,81,2020-04-24
1091,81,2020-01-31
568,1822,2018-02-16
1699,1992,2018-12-16
1858,1808,2019-12-03
2054,1822,2018-04-23
695,66,2020-05-09
1609,1822,2018-02-13
910,81,2020-04-16
787,1544,2018-03-16
1676,1808,2019-12-06
2073,1983,2020-02-09
1826,1808,2020-01-10
2184,1992,2019-01-21
466,1808,2020-01-01
1778,1544,2018-03-19
895,81,2020-01-29
1052,1822,2018-03-10
6,1822,2018-01-30
1650,66,2020-06-18
1507,1544,2018-03-06
1593,64,2020-02-15
529,1822,2018-02-26
1799,1822,2018-04-16
1971,1822,2018-02-10
2177,1808,2019-12-14
1273,1544,2018-04-14
62,1808,2020-01-17
2089,1822,2018-02-15
420,1822,2018-03-12
616,1808,2020-01-24
401,1544,2018-04-27
1729,1808,2020-01-05
757,1822,2018-02-12
1751,1983,2020-03-03
316,81,2020-04-09
154,64,2020-02-12
500,1822,2018-03-05
450,1808,2019-11-28
677,1822,2018-03-27
1791,1983,2020-04-10
1649,81,2020-02-10
2126,1983,2020-03-14
208,1983,2020-04-10
623,1808,2019-12-15
1925,1822,2018-01-27
1041,1983,2020-04-25
1319,1983,2020-04-22
1221,1822,2018-04-23
1588,1822,2018-04-14
1777,1822,2018-02-02
2113,64,2020-02-03
1488,1822,2018-03-03
1720,1983,2020-04-20
2017,1544,2018-03-10
298,1822,2018-03-28
112,1808,2020-01-19
921,1544,2018-03-16
1959,1822,2018-02-09
504,1983,2020-03-13
270,1822,2018-04-28
1163,64,2020-03-04
526,1983,2020-02-17
2206,1808,2019-11-26
1154,81,2020-04-25
1612,1822,2018-04-15
962,81,2020-02-17
307,1808,2019-11-01
733,1983,2020-03-12
1344,1808,2019-12-18
596,1983,2020-03-26
1851,1822,2018-04-16
1085,1822,2018-04-16
826,1808,2019-11-12
728,1812,2020-03-29
1540,1808,2019-12-22
709,81,2020-01-19
1805,1822,2018-03-07
1963,1822,2018-02-04
1487,64,2020-02-03
597,1983,2020-04-07
1390,1983,2020-04-14
1164,1544,2018-04-08
254,1808,2019-12-27
272,1822,2018-03-29
305,1808,2020-01-25
1045,1808,2019-11-21
2036,1808,2019-12-04
2006,81,2020-02-01
1888,1808,2019-12-06
695,1822,2018-03-25
1104,1983,2020-04-03
276,1808,2019-12-24
1425,1822,2018-04-27
693,64,2020-01-23
498,1983,2020-02-01
2132,1808,2020-01-17
1692,1983,2020-02-17
790,1808,2020-01-28
722,81,2020-02-08
391,1983,2020-04-23
1579,1983,2020-04-10
512,1544,2018-02-14
677,1992,2019-03-23
1772,1983,2020-04-20
843,64,2020-03-29
540,1544,2018-03-01
855,1808,2019-11-17
1502,1544,2018-03-13
1537,1983,2020-01-28
1924,1808,2020-01-22
548,1808,2019-12-12
39,1822,2018-03-21
2056,1822,2018-04-14
2106,1992,2019-01-24
1072,1992,2019-03-07
966,1808,2020-01-24
1617,1808,2020-01-06
167,1808,2019-12-20
1529,1808,2019-11-04
1095,1822,2018-03-22
878,81,2020-01-27
638,1812,2020-04-08
647,1808,2019-12-13
101,1808,2019-12-10
767,1983,2020-05-03
187,1992,2019-02-24
1534,1544,2018-02-19
47,1822,2018-02-05
1107,1983,2020-02-29
610,1983,2020-03-28
1311,1983,2020-05-01
164,1822,2018-02-22
787,81,2020-04-07
613,1983,2020-04-30
745,81,2020-04-04
1917,1822,2018-02-14
956,1822,2018-03-05
3,81,2020-03-10
79,1544,2018-05-07
678,64,2020-04-17
738,1808,2020-01-23
1754,1808,2019-12-31
1177,81,2020-02-15
1780,1983,2020-04-30
1041,1822,2018-04-07
539,1544,2018-04-13
2087,1808,2019-11-04
998,1992,2019-01-05
1932,1812,2020-04-11
1704,1983,2020-02-12
1268,1544,2018-02-21
269,1822,2018-02-06
488,1983,2020-04-20
1420,1808,2020-01-25
1760,1822,2018-04-22
480,81,2020-04-12
676,1808,2020-01-24
1034,81,2020-03-02
1289,1983,2020-02-29
575,1822,2018-03-13
1197,1983,2020-02-07
2052,1808,2019-12-09
1260,1992,2019-02-20
2167,1822,2018-03-18
260,1983,2020-03-12
1652,1822,2018-03-23
51,1822,2018-03-12
1041,81,2020-04-22
1087,1808,2019-11-18
1580,1808,2020-01-23
1038,1544,2018-04-28
2030,1808,2019-11-04
532,1808,2019-11-13
860,1983,2020-03-07
1077,1544,2018-02-02
579,1808,2019-12-07
545,1808,2019-12-21
700,1812,2020-02-01
1378,1808,2019-11-18
47,1992,2019-02-07
750,1992,2019-01-07
680,1808,2019-12-30
1241,1822,2018-04-24
1357,1544,2018-03-07
2040,1822,2018-04-14
1507,64,2020-03-08
1679,1822,2018-04-04
1843,81,2020-04-07
1662,1983,2020-03-04
340,1822,2018-03-10
533,81,2020-03-18
1525,1822,2018-03-25
979,1808,2019-11-21
700,1992,2019-03-21
653,81,2020-04-01
1232,1983,2020-03-03
231,1822,2018-04-30
651,1808,2019-12-12
370,1822,2018-03-17
450,1992,2019-02-12
632,64,2020-01-31
1871,1822,2018-04-24
2039,1822,2018-04-17
1194,1822,2018-04-29
1623,1808,2019-11-18
578,81,2020-04-18
964,1808,2019-11-27
125,1822,2018-02-18
1576,1808,2020-01-13
1754,81,2020-01-23
1697,1983,2020-03-04
1339,1992,2019-01-15
1848,1822,2018-02-11
541,1822,2018-03-26
2047,1992,2019-01-14
1875,1822,2018-03-02
1281,64,2020-03-09
753,1808,2019-11-01
983,81,2020-01-20
484,1808,2020-01-11
57,1983,2020-02-02
710,1983,2020-02-08
1363,81,2020-03-25
1888,1983,2020-02-11
556,1983,2020-03-10
1507,1983,2020-04-08
625,1822,2018-01-30
1337,64,2020-02-20
450,1544,2018-03-17
862,1808,2019-12-14
978,1808,2020-01-17
476,1983,2020-03-05
459,1983,2020-02-09
1413,1983,2020-03-25
362,1983,2020-01-25
737,1822,2018-03-22
1329,64,2020-03-05
550,81,2020-04-20
892,1808,2019-11-22
650,1808,2020-01-17
168,1808,2019-11-20
207,1992,2019-01-17
1644,1808,2019-11-24
1358,1544,2018-05-07
914,1544,2018-05-10
1234,1808,2020-01-03
1359,1808,2020-01-04
744,1983,2020-02-17
255,1992,2019-01-25
1466,1808,2020-02-04
1987,1983,2020-03-15
228,1822,2018-02-24
1276,1808,2020-01-26
145,1812,2020-01-25
1643,1822,2018-04-04
1649,1808,2019-11-18
1398,1822,2018-01-24
392,1808,2020-01-25
1804,1822,2018-01-26
913,1822,2018-03-12
825,1808,2019-11-25
781,81,2020-02-18
1709,1822,2018-04-25
1892,1822,2018-04-18
739,1808,2020-02-01
1826,1812,2020-01-10
326,1544,2018-03-26
780,1808,2020-01-03
2189,1808,2020-01-05
673,1808,2019-12-07
1304,81,2020-01-29
295,1544,2018-04-13
102,1544,2018-05-06
2181,1822,2018-05-04
1897,1983,2020-03-23
1646,1808,2019-12-20
304,81,2020-02-13
620,81,2020-02-29
1364,1992,2019-01-10
1317,1822,2018-04-26
1050,81,2020-03-04
1018,1808,2020-01-16
695,81,2020-04-20
1620,81,2020-02-02
4,1822,2018-03-31
504,1992,2019-02-13
748,1822,2018-02-09
546,64,2020-02-15
438,64,2020-01-20
885,1822,2018-02-12
1842,64,2020-01-22
275,1808,2020-01-20
121,64,2020-04-18
934,1983,2020-02-04
1754,1822,2018-04-10
55,1808,2019-11-02
203,1822,2018-03-28
1821,1983,2020-03-10
529,1808,2020-01-31
1685,1992,2019-01-15
366,1992,2018-12-19
577,1808,2020-01-11
664,1822,2018-05-01
1543,1822,2018-04-15
1229,1822,2018-03-24
156,1822,2018-02-18
1281,1822,2018-03-07
1857,1822,2018-04-01
433,1544,2018-03-06
410,81,2020-02-01
1176,64,2020-04-06
1169,81,2020-04-15
425,1983,2020-03-26
1676,81,2020-04-07
1081,1822,2018-04-22
243,1812,2020-03-27
354,1822,2018-04-27
423,1822,2018-02-17
2191,1983,2020-01-30
873,1808,2019-11-28
2113,1983,2020-03-14
906,1983,2020-03-01
1042,1983,2020-02-24
807,1808,2019-12-12
243,1822,2018-02-15
2097,1983,2020-02-26
1327,81,2020-02-12
2004,1822,2018-03-10
1415,1822,2018-04-07
2113,1822,2018-02-14
1826,1992,2019-03-03
177,1812,2020-01-25
482,1812,2020-01-26
566,1822,2018-01-28
1141,1808,2020-01-13
2129,81,2020-01-24
482,1808,2020-01-19
599,1822,2018-04-19
282,1808,2019-11-12
1065,1808,2019-11-28
1434,81,2020-04-16
143,1808,2020-01-21
348,1983,2020-02-20
1561,1544,2018-04-14
250,1808,2019-12-18
1434,1983,2020-04-17
756,1983,2020-03-04
851,1808,2019-12-13
170,1812,2020-01-14
1049,1983,2020-04-03
11,1822,2018-05-04
798,1822,2018-01-26
1079,1983,2020-03-05
1452,1808,2020-02-04
2178,1812,2020-02-22
1394,81,2020-04-20
1664,1822,2018-03-30
1076,81,2020-04-03
1730,1808,2019-12-04
1866,1544,2018-03-20
1010,81,2020-04-19
1365,1808,2020-02-06
384,1812,2020-01-26
1578,81,2020-03-02
1321,1544,2018-02-11
587,81,2020-02-27
244,1808,2019-11-21
688,1822,2018-03-03
2154,1808,2019-12-16
1517,1808,2019-12-11
470,1822,2018-02-14
59,1808,2019-11-26
2007,1983,2020-04-10
419,1808,2020-02-07
1781,1983,2020-04-09
957,1808,2020-01-16
954,1822,2018-01-24
1671,1822,2018-04-27
904,1822,2018-04-18
1802,1544,2018-03-27
426,1544,2018-05-03
1182,1983,2020-04-06
1427,81,2020-03-20
1532,1808,2019-12-06
1877,1822,2018-04-15
1675,1822,2018-03-13
1440,81,2020-04-08
1276,1822,2018-02-24
671,1822,2018-03-06
717,1808,2019-11-29
313,1544,2018-03-01
1476,1983,2020-02-03
1048,1812,2020-01-20
1259,1544,2018-04-13
1116,81,2020-01-30
393,1822,2018-02-03
2052,1983,2020-02-13
2055,1808,2020-01-10
2092,1544,2018-03-26
1035,1822,2018-03-11
1384,1983,2020-04-26
261,1808,2020-01-03
330,1822,2018-04-22
2023,1822,2018-02-27
353,1808,2020-01-08
2142,1822,2018-03-26
344,1808,2019-11-16
1829,1983,2020-02-16
443,1822,2018-04-10
49,1983,2020-04-21
419,1983,2020-04-19
2114,1822,2018-02-07
1359,1544,2018-02-07
764,1983,2020-03-04
1107,81,2020-02-24
734,1822,2018-04-22
1430,1544,2018-05-12
142,1983,2020-04-29
1774,1822,2018-04-23
1912,64,2020-04-01
1390,81,2020-04-24
424,1808,2020-01-14
657,1983,2020-03-18
537,1822,2018-01-26
1791,81,2020-03-26
1949,1822,2018-02-04
1453,81,2020-04-23
2123,1544,2018-02-13
1485,1992,2018-12-25
578,1812,2020-04-01
700,1983,2020-03-08
2205,1808,2019-12-11
1974,81,2020-02-04
1471,1812,2020-03-10
1491,1992,2019-01-05
1763,1983,2020-02-25
1283,81,2020-03-10
413,1822,2018-03-01
1688,1992,2019-03-11
862,1544,2018-04-08
1540,81,2020-02-01
280,1808,2020-01-31
1991,1822,2018-03-02
444,1822,2018-03-08
1839,1808,2019-12-10
713,81,2020-03-20
2190,64,2020-03-02
2155,1812,2020-03-08
1577,1983,2020-02-22
165,1808,2019-11-27
2051,1808,2019-12-21
1124,1983,2020-02-25
322,1983,2020-04-21
516,1544,2018-03-10
875,64,2020-01-19
143,1544,2018-02-24
1878,1808,2019-11-25
513,81,2020-03-23
312,1808,2019-12-31
411,1808,2020-01-20
1079,1808,2019-12-19
1013,1822,2018-04-05
2135,1808,2019-11-20
1553,1808,2019-11-27
178,1822,2018-04-30
1288,1822,2018-04-20
734,1808,2019-11-27
1277,1983,2020-02-24
1594,1808,2019-12-01
313,81,2020-03-31
2190,1808,2019-12-30
683,1822,2018-04-05
2136,1983,2020-03-30
1733,1983,2020-04-22
791,1992,2019-03-17
200,1808,2019-12-11
2166,1808,2020-01-15
1673,1822,2018-04-21
1032,1808,2020-01-26
788,1808,2019-12-02
1279,1822,2018-02-11
911,1983,2020-05-01
1478,1983,2020-02-07
958,81,2020-02-07
1149,1808,2020-01-05
367,1808,2019-12-11
264,1983,2020-02-07
1150,66,2020-06-10
2004,1983,2020-04-12
1665,1822,2018-03-03
1923,81,2020-02-26
525,1808,2019-11-17
372,1822,2018-02-03
1386,1808,2019-11-20
26,1822,2018-02-24
90,1812,2020-01-26
1890,1808,2019-11-16
1908,1992,2019-01-31
1645,66,2020-05-16
1083,1822,2018-03-31
376,1992,2019-01-08
1777,1808,2020-01-20
2013,1816,2019-01-17
1611,1808,2019-12-31
381,1822,2018-01-27
463,1822,2018-05-03
1519,1983,2020-02-23
413,1808,2020-01-05
256,1992,2019-02-15
1857,81,2020-04-24
1537,1808,2020-01-19
391,1808,2019-11-24
34,1983,2020-01-27
1697,64,2020-01-29
1511,81,2020-02-14
738,1822,2018-04-15
40,1808,2019-11-27
1171,1808,2020-02-09
1662,1822,2018-03-08
171,1808,2019-11-04
2075,1808,2019-12-22
1677,64,2020-04-01
455,81,2020-03-24
1970,1822,2018-05-02
1721,1808,2019-11-09
678,1992,2019-03-08
248,1992,2019-01-08
1314,64,2020-04-01
1810,1808,2019-11-17
946,1808,2020-01-08
525,1983,2020-04-30
2088,81,2020-02-06
1975,1983,2020-03-05
1655,1808,2019-12-13
1214,1983,2020-02-22
233,1808,2019-11-05
8,81,2020-03-31
1966,1808,2019-11-12
1114,1822,2018-01-24
659,1544,2018-02-22
400,64,2020-04-19
107,1992,2018-12-19
1093,1822,2018-01-29
696,1822,2018-02-12
1478,1992,2018-12-30
467,1808,2020-02-08
679,1808,2019-11-13
251,1822,2018-03-30
749,1983,2020-04-26
463,81,2020-03-21
1647,1822,2018-03-02
1815,1822,2018-04-01
620,1808,2019-12-20
1604,1822,2018-04-03
1296,1808,2019-11-12
1762,1992,2018-12-16
1307,64,2020-04-06
1642,81,2020-03-30
791,81,2020-04-02
1767,1983,2020-04-08
936,1822,2018-02-02
420,64,2020-03-19
482,1822,2018-02-14
1469,1822,2018-05-03
28,81,2020-03-16
756,81,2020-04-01
1494,1808,2019-12-12
888,1822,2018-04-17
1415,81,2020-02-09
1233,81,2020-04-21
763,81,2020-01-18
1134,1808,2019-12-19
895,1822,2018-03-21
515,1822,2018-04-02
1412,1983,2020-03-05
420,1983,2020-02-02
2195,64,2020-01-22
484,81,2020-04-23
157,1983,2020-02-19
805,1808,2020-02-05
1946,1822,2018-02-19
1315,1822,2018-04-26
1135,1808,2019-12-15
1413,1808,2019-12-08
815,1808,2020-01-29
1764,1808,2020-02-06
1741,1808,2019-12-01
1338,1822,2018-03-28
718,1983,2020-02-02
1898,1544,2018-02-10
849,1822,2018-02-24
1846,1808,2019-12-04
1385,1544,2018-02-24
1154,1983,2020-04-07
735,81,2020-04-03
2016,1822,2018-02-18
1697,66,2020-04-26
1138,1983,2020-03-07
893,1808,2020-01-01
469,1992,2019-02-11
351,1822,2018-01-27
685,1544,2018-03-02
157,1822,2018-03-13
2171,1808,2020-02-08
133,81,2020-01-24
140,1544,2018-02-27
1468,1822,2018-04-22
1926,1808,2020-01-09
770,1983,2020-03-20
2167,1983,2020-02-05
1601,1808,2019-11-13
1882,1992,2019-01-08
1640,64,2020-01-19
866,1544,2018-02-01
2016,1983,2020-02-03
2192,1983,2020-03-03
1809,64,2020-02-23
49,1808,2020-01-24
583,81,2020-02-24
1654,1983,2020-01-27
949,1808,2019-12-04
1857,1992,2019-02-12
747,1992,2019-03-03
290,64,2020-03-01
2114,1808,2019-12-15
244,64,2020-02-22
1728,1822,2018-02-19
644,1544,2018-04-19
2028,1822,2018-02-08
2157,1808,2019-12-20
1556,1822,2018-03-07
2192,81,2020-02-10
700,81,2020-01-20
1429,1808,2020-01-28
1964,1983,2020-03-21
352,1822,2018-04-03
981,1822,2018-03-05
913,1983,2020-04-12
1223,81,2020-03-22
803,81,2020-02-12
1065,1822,2018-04-20
951,1822,2018-03-05
524,1808,2020-02-09
671,64,2020-04-07
804,1992,2019-02-05
1473,1822,2018-02-21
2212,1822,2018-03-25
1738,1808,2019-12-11
118,81,2020-04-05
493,1808,2019-12-21
955,1822,2018-02-26
2164,1822,2018-03-19
1628,1808,2020-01-22
264,1822,2018-02-17
303,1992,2019-01-06
1604,1983,2020-04-02
1716,1822,2018-04-18
1877,1992,2019-02-14
1515,1822,2018-04-01
1274,1808,2020-01-05
1424,1983,2020-02-13
1131,1812,2020-03-09
1243,1544,2018-03-15
456,1822,2018-04-23
724,1808,2019-12-18
813,1822,2018-03-25
856,1822,2018-02-15
513,1983,2020-03-17
1058,1808,2020-01-10
784,1983,2020-04-14
1909,81,2020-02-24
739,1822,2018-03-04
640,81,2020-02-12
608,1983,2020-04-17
134,1983,2020-04-28
1163,1983,2020-02-19
1536,1983,2020-02-21
1607,81,2020-02-20
820,1992,2018-12-31
2108,1822,2018-02-01
890,1808,2020-02-02
105,1808,2019-12-29
1587,1822,2018-05-02
1708,1822,2018-02-27
637,1808,2019-11-11
911,81,2020-03-01
1024,1808,2019-12-23
1660,1983,2020-03-29
1428,1983,2020-04-27
1387,1808,2020-01-04
157,1544,2018-02-13
958,64,2020-01-17
2005,1822,2018-03-31
569,1808,2020-01-01
2112,1822,2018-03-13
1582,1544,2018-04-26
2109,1544,2018-04-25
1659,1983,2020-04-02
121,81,2020-04-04
1029,1983,2020-05-03
535,64,2020-03-08
1179,1544,2018-02-10
1117,1024,2019-11-11
1773,1812,2020-03-10
585,1808,2020-02-02
1118,1544,2018-04-04
583,1544,2018-02-15
518,1822,2018-03-22
1802,1983,2020-04-28
705,1808,2020-01-02
2006,1992,2019-02-16
1817,64,2020-03-19
1413,81,2020-01-19
928,81,2020-01-29
60,1808,2020-01-25
1423,1983,2020-04-28
594,1983,2020-03-17
1985,1808,2019-12-15
1182,1808,2019-12-11
1799,1808,2019-11-18
1103,81,2020-01-24
820,1812,2020-02-02
2169,81,2020-03-19
1376,1983,2020-03-08
283,1544,2018-03-23
96,1983,2020-05-01
1891,66,2020-07-09
1292,1544,2018-03-09
2068,1812,2020-02-07
2207,1808,2019-12-17
1649,1544,2018-05-03
259,1983,2020-04-22
1348,1808,2019-11-09
2026,1808,2019-12-06
911,1808,2019-11-05
1176,81,2020-04-10
1352,1822,2018-02-10
1163,1808,2019-12-04
468,1822,2018-03-26
1663,1992,2019-01-27
2126,1822,2018-03-03
258,1822,2018-03-05
1714,1822,2018-02-28
1158,1822,2018-04-10
133,1808,2019-12-07
624,1808,2019-12-18
1736,1822,2018-02-05
1806,81,2020-02-05
105,1822,2018-02-14
1203,1822,2018-04-12
2193,1822,2018-05-01
1137,1808,2019-12-07
2140,1983,2020-03-14
335,1983,2020-03-21
847,1808,2019-12-27
373,81,2020-04-03
1903,1822,2018-04-07
1654,1822,2018-04-05
230,1808,2020-02-04
1471,1822,2018-03-15
217,1808,2019-12-24
958,1812,2020-04-01
985,81,2020-03-08
1190,1808,2019-12-17
920,81,2020-04-04
1344,1822,2018-02-01
1075,1808,2019-11-04
602,1808,2019-12-26
152,81,2020-02-10
1928,1992,2019-02-07
313,1983,2020-03-06
332,1983,2020-04-23
712,1822,2018-04-24
1207,1983,2020-03-22
868,81,2020-04-10
1266,1983,2020-05-01
721,1822,2018-04-04
359,1808,2020-01-23
375,81,2020-02-21
442,1983,2020-02-23
279,1808,2019-11-18
2178,81,2020-03-03
1840,1992,2019-03-08
607,1822,2018-04-17
618,1983,2020-04-28
260,1808,2020-01-05
1238,1808,2020-01-17
1169,1822,2018-03-06
1339,81,2020-04-08
1733,64,2020-01-29
538,1822,2018-03-16
1113,1983,2020-02-29
1319,81,2020-02-24
2106,1983,2020-04-17
1678,1983,2020-04-11
1758,1808,2019-11-26
1754,64,2020-04-06
494,1808,2019-11-05
4,1983,2020-04-04
1294,1808,2019-11-30
290,1808,2019-12-06
400,1992,2019-01-06
1689,1983,2020-01-31
402,1808,2019-11-10
1084,81,2020-03-12
345,1992,2019-03-02
1363,1808,2020-02-06
956,81,2020-01-21
1905,1983,2020-03-01
2074,1808,2020-01-02
1212,1822,2018-01-30
273,1822,2018-02-26
202,1822,2018-03-02
1739,81,2020-04-12
1097,1983,2020-04-01
428,1544,2018-04-23
1438,81,2020-04-03
2015,1992,2019-01-01
1178,1822,2018-02-20
774,1983,2020-04-12
1096,1822,2018-05-01
257,1808,2019-12-28
535,1808,2019-12-15
2135,1822,2018-02-03
1597,81,2020-01-20
182,1822,2018-01-28
1520,1822,2018-04-26
148,1992,2019-01-24
1864,1822,2018-01-28
1349,1992,2019-02-25
515,1808,2020-01-14
1284,1983,2020-04-17
1585,1544,2018-02-24
1033,1808,2020-01-04
758,81,2020-01-30
1158,1983,2020-01-27
1531,81,2020-01-26
619,1983,2020-02-07
63,1983,2020-04-20
1927,81,2020-03-22
1869,1808,2020-01-06
1210,1822,2018-04-24
1197,1808,2019-12-01
72,1822,2018-04-22
1504,1983,2020-02-12
1426,1983,2020-04-26
1491,1808,2020-01-12
394,1808,2020-01-24
365,1822,2018-03-25
1877,1808,2019-11-19
571,1983,2020-02-15
34,64,2020-01-19
1696,1822,2018-02-28
1294,1812,2020-02-11
1867,81,2020-04-06
680,1822,2018-02-11
282,1544,2018-04-02
2204,1808,2019-11-18
2061,1822,2018-03-25
1380,1808,2019-12-24
87,1822,2018-03-24
544,1822,2018-03-12
1824,1822,2018-03-27
2034,1808,2020-01-26
674,1808,2020-01-24
1826,1822,2018-02-11
597,81,2020-04-13
935,1822,2018-03-27
1931,1808,2019-11-08
1916,1822,2018-04-09
2150,1822,2018-02-24
1999,1808,2020-01-28
2085,81,2020-04-10
1982,1808,2019-12-29
641,1544,2018-04-04
23,81,2020-01-21
164,1992,2018-12-29
1235,81,2020-02-26
1334,1812,2020-01-22
579,1822,2018-03-25
1870,1983,2020-03-14
1859,1808,2020-01-30
1092,1983,2020-02-06
1548,1983,2020-02-04
582,1983,2020-04-04
1959,1808,2020-01-24
523,1808,2019-11-13
1343,81,2020-03-04
1499,81,2020-03-30
576,1808,2019-12-06
1861,1808,2019-12-03
280,1822,2018-01-28
1105,1812,2020-03-17
936,1808,2020-01-03
816,1808,2019-12-05
2039,1544,2018-03-27
1930,1808,2019-12-29
764,1822,2018-04-04
858,1822,2018-04-03
275,1983,2020-03-15
1152,1544,2018-03-03
731,64,2020-03-13
2120,1808,2020-01-20
1706,1808,2019-12-13
1682,1808,2020-02-03
307,1822,2018-04-21
1872,1808,2019-12-21
162,81,2020-03-14
2079,1983,2020-02-14
931,1822,2018-03-29
2187,1822,2018-02-23
25,1983,2020-04-06
2205,81,2020-02-12
911,1544,2018-03-14
676,1822,2018-02-10
623,1992,2019-03-04
686,1822,2018-04-22
1240,1992,2019-03-07
1686,1808,2019-12-04
1417,1822,2018-04-09
1318,1204,2018-12-19
273,1983,2020-01-29
2137,1822,2018-04-26
1265,1983,2020-04-20
772,1812,2020-03-27
1082,1808,2020-01-31
1110,1544,2018-02-12
1151,1983,2020-04-14
1166,1544,2018-04-24
1345,1822,2018-04-16
746,1822,2018-03-27
568,1992,2019-01-22
1867,1992,2018-12-19
1467,1544,2018-05-05
1555,1983,2020-03-21
1328,1808,2019-11-24
804,1983,2020-02-11
483,1812,2020-01-21
253,1822,2018-02-17
1811,1822,2018-04-26
794,1822,2018-03-17
310,1983,2020-03-20
742,1808,2019-11-09
1454,81,2020-04-24
351,1808,2019-11-06
1966,64,2020-02-17
1041,1992,2019-01-05
68,66,2020-07-13
856,1808,2019-11-15
2071,1983,2020-03-14
1054,1544,2018-04-04
717,81,2020-04-01
1791,1808,2019-12-18
1755,1822,2018-02-05
258,66,2020-04-26
791,64,2020-01-23
604,64,2020-01-24
344,81,2020-02-19
2098,1992,2019-03-15
1044,1822,2018-03-09
1560,81,2020-03-21
690,1808,2019-12-13
1745,1822,2018-02-20
1300,1544,2018-04-21
158,1983,2020-03-07
1132,1822,2018-03-17
1403,81,2020-04-26
1967,1822,2018-04-06
472,1983,2020-04-03
1721,1822,2018-02-04
992,81,2020-02-19
1204,81,2020-04-10
741,1992,2018-12-18
1497,81,2020-04-25
97,1822,2018-01-24
339,1983,2020-04-10
98,1812,2020-01-30
2120,1983,2020-03-27
668,1808,2019-12-28
221,1812,2020-02-29
1837,1822,2018-01-30
1586,64,2020-03-10
705,81,2020-03-27
30,1822,2018-02-21
1409,1822,2018-03-21
760,1983,2020-02-08
2013,1983,2020-03-10
1028,1808,2020-01-10
366,1544,2018-05-08
1884,1808,2019-12-21
824,1983,2020-04-21
665,1983,2020-03-05
39,1983,2020-03-19
583,1983,2020-03-01
695,1812,2020-04-04
651,1544,2018-04-02
650,1983,2020-02-12
1320,1808,2019-12-17
1464,1983,2020-04-24
1224,1808,2019-12-07
800,1822,2018-04-15
454,1808,2020-01-05
675,1983,2020-01-30
1615,1983,2020-02-14
1908,1983,2020-02-17
42,1808,2019-11-28
1246,81,2020-02-04
988,1808,2019-11-22
1377,1822,2018-05-04
1207,64,2020-04-24
698,1822,2018-02-17
1363,1983,2020-01-25
1786,1822,2018-04-06
1147,81,2020-02-11
445,1808,2020-02-08
872,1808,2019-11-03
537,81,2020-03-10
2102,81,2020-01-23
1901,81,2020-02-18
1207,1822,2018-02-16
1074,1822,2018-04-29
275,1822,2018-04-27
141,1812,2020-01-29
1732,1808,2019-11-18
640,64,2020-04-23
1693,1983,2020-02-20
1157,1822,2018-03-06
2192,1822,2018-02-03
1124,1544,2018-05-03
1777,81,2020-03-04
2148,1808,2019-12-07
1991,1808,2020-01-20
2150,1983,2020-05-01
363,1808,2020-01-28
1170,1808,2019-12-03
1131,1822,2018-04-16
537,64,2020-02-24
465,1808,2020-01-16
879,1983,2020-02-03
2109,1808,2019-11-02
1385,1822,2018-05-01
590,64,2020-03-02
713,64,2020-03-24
579,1983,2020-03-23
451,1983,2020-04-30
949,1983,2020-01-31
175,1822,2018-02-09
518,1808,2019-12-04
1395,1983,2020-04-12
1327,1822,2018-02-07
809,1808,2020-01-29
1995,1808,2019-12-15
916,1822,2018-03-03
655,81,2020-01-29
1180,1812,2020-03-08
385,1822,2018-04-09
897,1992,2019-02-05
1114,1983,2020-03-16
865,1983,2020-03-01
1029,1808,2019-11-03
361,1808,2019-12-07
918,1544,2018-04-09
409,1822,2018-02-15
1735,1992,2018-12-19
1543,1983,2020-04-14
1359,1983,2020-03-29
1402,1822,2018-01-29
587,1822,2018-05-02
1644,81,2020-02-29
1368,1812,2020-02-27
687,1822,2018-04-08
235,1992,2019-03-01
1671,1544,2018-04-26
1602,1822,2018-03-27
1530,1808,2019-12-03
2172,64,2020-02-23
2091,1822,2018-05-02
463,1812,2020-01-23
1599,81,2020-02-16
1143,1544,2018-03-15
323,1544,2018-04-13
2079,1822,2018-04-27
1184,1822,2018-02-01
1522,1983,2020-03-14
2094,1822,2018-03-31
1653,1808,2020-01-12
2134,1822,2018-04-25
692,1808,2019-11-07
843,1822,2018-03-27
1097,1822,2018-04-14
1566,81,2020-04-16
2199,1544,2018-04-22
563,81,2020-01-27
2059,1544,2018-05-12
1545,64,2020-03-23
1575,1808,2019-12-15
1941,1983,2020-03-19
1407,1822,2018-04-02
703,1544,2018-04-21
1518,1822,2018-04-04
1453,1822,2018-01-25
1959,1983,2020-02-05
1639,1812,2020-03-18
1357,81,2020-04-14
1954,1992,2019-03-20
2181,1812,2020-01-31
1196,1808,2020-01-04
2161,1983,2020-03-21
1648,1808,2019-12-01
1547,1822,2018-04-23
1413,64,2020-03-09
862,1822,2018-02-22
499,1822,2018-04-28
766,1822,2018-03-25
1169,1544,2018-04-30
328,81,2020-04-17
9,1983,2020-04-10
1624,66,2020-04-24
1474,1822,2018-03-31
1059,1822,2018-02-04
1115,1544,2018-02-09
1699,1808,2020-01-31
2004,1992,2019-01-26
1597,1822,2018-02-15
509,1822,2018-03-14
737,1983,2020-04-23
1372,1822,2018-04-11
1896,1544,2018-02-02
1451,1992,2019-01-06
1662,1808,2019-11-18
361,1544,2018-03-10
2123,1808,2019-12-05
1189,1822,2018-03-23
1010,1822,2018-01-26
510,1822,2018-02-03
1886,1983,2020-02-27
1535,81,2020-03-06
1310,1822,2018-02-03
1975,81,2020-03-07
1468,1812,2020-02-27
187,81,2020-04-09
1206,1808,2019-11-01
434,1992,2018-12-22
1275,1822,2018-04-25
1508,1808,2019-12-20
1507,81,2020-01-28
126,1983,2020-02-27
1932,1992,2018-12-18
2206,81,2020-02-09
1938,1808,2020-01-29
27,1992,2019-02-05
1402,1983,2020-03-17
830,1808,2019-12-26
1993,1808,2020-02-06
411,81,2020-04-16
1254,1983,2020-04-28
459,1822,2018-02-06
1683,81,2020-04-08
1397,1822,2018-02-01
506,1808,2020-01-18
1098,1544,2018-04-16
437,1983,2020-02-18
2069,1822,2018-04-12
1845,1983,2020-02-29
81,81,2020-04-07
1047,1822,2018-04-11
1393,1822,2018-04-05
25,1822,2018-03-24
49,1992,2019-02-07
526,1822,2018-02-12
1876,1983,2020-02-29
1969,1983,2020-05-01
221,1808,2019-12-17
1753,1822,2018-01-25
1244,1808,2020-02-03
740,1992,2019-01-28
671,1544,2018-03-25
788,1544,2018-02-27
1375,81,2020-04-01
1475,81,2020-03-17
2146,1983,2020-03-19
831,1822,2018-03-20
886,1822,2018-03-08
1752,1544,2018-04-29
138,1992,2019-01-29
1633,1544,2018-04-04
495,1822,2018-03-28
1104,64,2020-02-10
35,1822,2018-03-19
2202,1822,2018-05-02
2115,1822,2018-01-25
793,1812,2020-03-16
1083,1808,2019-12-04
963,1822,2018-04-21
2019,1544,2018-02-28
1703,1822,2018-04-21
2189,64,2020-04-26
1094,1808,2019-11-21
2123,1822,2018-03-07
1448,81,2020-04-10
772,1822,2018-03-19
1528,1983,2020-02-01
1960,1983,2020-04-22
1004,1822,2018-04-09
92,1983,2020-04-07
1303,1992,2019-02-14
1246,1822,2018-04-12
1836,1808,2020-01-03
1342,1983,2020-04-21
788,66,2020-05-04
1509,1822,2018-02-03
179,1983,2020-03-16
1838,1822,2018-02-16
2012,1983,2020-02-16
1325,81,2020-04-25
820,64,2020-03-30
475,1822,2018-01-30
1835,1808,2019-12-28
1411,1983,2020-03-09
1130,1983,2020-03-01
1472,1808,2019-11-19
2101,64,2020-01-25
1489,1983,2020-04-13
1955,1983,2020-04-06
718,81,2020-02-02
2051,1822,2018-03-28
833,1808,2020-02-03
43,1808,2019-12-11
1947,1822,2018-02-03
1558,1808,2020-01-12
1853,1822,2018-04-06
86,1822,2018-04-03
2181,81,2020-03-22
2034,1992,2019-01-05
210,1808,2020-01-05
1418,1808,2019-12-11
1122,1822,2018-01-25
1840,1822,2018-02-24
140,1808,2019-11-12
631,1544,2018-04-09
686,81,2020-02-07
948,81,2020-02-26
589,1822,2018-03-17
2077,1983,2020-02-19
1559,1544,2018-04-22
2127,1920,2018-10-17
534,1822,2018-05-04
1260,1544,2018-04-26
76,1808,2020-01-20
1856,1812,2020-01-24
1862,1808,2019-12-08
120,1808,2019-11-14
781,1983,2020-02-13
1263,1983,2020-03-05
1339,1544,2018-03-25
1766,1822,2018-03-20
1070,1812,2020-04-15
1867,1808,2020-01-08
1453,64,2020-02-18
87,1983,2020-03-31
422,1992,2019-02-18
1281,1808,2019-11-26
1622,1544,2018-03-23
1330,1808,2019-11-30
79,66,2020-05-12
1360,1808,2019-12-22
1854,1983,2020-04-03
797,1808,2019-12-08
301,1983,2020-03-30
1104,1992,2019-01-11
1653,1822,2018-02-17
364,1983,2020-04-30
213,1822,2018-01-30
1654,1812,2020-03-31
1450,1544,2018-03-14
1308,1808,2019-12-19
1245,1992,2019-03-07
1091,1983,2020-02-09
1879,1983,2020-05-03
388,1544,2018-04-22
538,1808,2019-11-15
2067,1822,2018-02-15
1850,1822,2018-01-24
1617,66,2020-06-18
386,1808,2020-01-15
695,1992,2019-01-20
2027,1808,2019-12-18
738,64,2020-02-21
1683,1808,2020-02-08
316,1983,2020-04-16
1770,1822,2018-03-30
1282,1808,2020-01-24
2049,1983,2020-03-28
1711,1544,2018-03-18
1023,1812,2020-02-18
623,1983,2020-02-08
371,1544,2018-03-02
1775,64,2020-02-15
1626,1808,2020-01-10
1410,1822,2018-02-05
66,1983,2020-03-04
1162,1983,2020-04-14
1360,1983,2020-03-13
1944,1822,2018-03-31
537,1812,2020-02-11
861,1822,2018-04-20
666,1992,2019-01-18
2122,81,2020-04-15
1451,1822,2018-04-26
435,1822,2018-02-16
1855,1808,2019-11-07
557,1983,2020-04-26
1385,1983,2020-03-20
39,1992,2019-02-14
48,1983,2020-04-13
451,81,2020-04-16
395,64,2020-02-17
1977,1822,2018-01-27
489,1808,2019-12-18
1964,1808,2020-02-01
1586,81,2020-04-23
866,81,2020-03-13
188,1812,2020-02-08
695,1983,2020-02-26
1273,1808,2020-02-02
1453,1544,2018-02-10
1318,1822,2018-02-03
685,1983,2020-03-21
1631,1983,2020-04-16
244,1983,2020-04-08
2165,1983,2020-03-03
1718,1822,2018-04-27
258,1992,2019-02-06
1111,1822,2018-02-12
1966,1822,2018-02-16
1525,1808,2019-11-11
522,1808,2020-01-23
540,1992,2019-03-19
123,1983,2020-03-31
528,1822,2018-02-26
1025,1822,2018-02-01
275,1544,2018-04-01
321,1822,2018-03-02
647,1822,2018-03-20
1431,81,2020-03-03
1748,1983,2020-02-27
2193,1808,2019-11-29
997,1808,2020-01-31
110,1808,2020-01-15
1392,1983,2020-04-05
1293,1822,2018-02-19
1325,1544,2018-03-15
1949,81,2020-03-14
1953,1983,2020-02-20
190,64,2020-04-18
584,81,2020-03-22
405,1822,2018-03-07
396,81,2020-02-28
186,1983,2020-02-27
1852,1822,2018-01-29
453,1822,2018-03-28
887,1808,2020-01-29
1046,1808,2019-11-06
1125,81,2020-03-01
1526,1822,2018-05-02
1142,1983,2020-04-06
1387,1812,2020-04-06
319,1822,2018-02-21
2103,1808,2019-11-08
1789,1983,2020-01-26
784,64,2020-01-28
1036,1808,2019-11-10
592,1544,2018-02-12
588,1822,2018-03-07
665,1822,2018-01-24
565,1822,2018-02-14
943,1983,2020-03-29
1647,81,2020-01-26
1693,81,2020-02-23
2066,1983,2020-02-21
704,81,2020-03-28
1237,1812,2020-03-18
1259,1812,2020-01-24
183,1812,2020-02-10
2076,1808,2020-01-02
1287,1812,2020-03-20
953,1808,2019-11-21
1058,1822,2018-04-15
1769,1808,2019-12-24
1353,1808,2019-12-16
1935,1808,2019-11-11
1841,1544,2018-02-03
497,1983,2020-04-16
675,1808,2019-11-06
838,1983,2020-01-31
1958,1822,2018-02-15
2170,64,2020-02-21
1935,81,2020-03-30
930,1983,2020-03-23
1088,1992,2019-02-20
1067,1808,2020-01-27
1201,1808,2019-11-08
1281,1812,2020-01-26
717,1822,2018-04-28
1105,1808,2020-01-28
1759,1822,2018-03-28
762,81,2020-03-20
242,1808,2019-11-12
592,1983,2020-03-30
1676,1544,2018-03-16
376,1822,2018-04-27
1430,1808,2019-12-26
1358,64,2020-04-10
1237,64,2020-04-13
1690,81,2020-04-04
1101,1808,2020-01-30
845,1822,2018-02-27
1125,1808,2019-11-25
266,1983,2020-02-06
650,1812,2020-03-23
272,81,2020-01-18
38,1808,2020-01-12
2037,1822,2018-04-30
293,1822,2018-02-28
2168,1808,2019-11-25
2098,1812,2020-04-04
857,1822,2018-04-14
4,81,2020-01-30
54,81,2020-04-14
2200,81,2020-02-23
1888,81,2020-04-03
787,1983,2020-02-07
2086,1808,2019-12-16
1776,81,2020-04-11
1293,81,2020-02-22
875,1822,2018-04-18
212,1822,2018-03-09
531,1808,2020-01-09
139,1808,2019-11-27
2203,1984,2018-12-30
542,1808,2019-11-05
2018,1822,2018-01-28
493,1822,2018-01-25
108,1822,2018-04-01
1107,1544,2018-02-08
708,1983,2020-03-26
608,1808,2019-11-02
1029,1812,2020-01-23
1306,81,2020-04-12
275,81,2020-03-04
744,1544,2018-05-06
2057,1808,2019-12-07
776,1822,2018-03-10
674,1822,2018-02-03
567,1808,2019-11-06
1124,64,2020-02-05
1280,1822,2018-02-05
1056,1822,2018-03-13
1390,1544,2018-03-07
1814,1808,2020-01-02
532,81,2020-04-10
2184,1812,2020-01-20
145,64,2020-02-11
832,81,2020-04-12
465,81,2020-02-12
506,1983,2020-03-08
2138,1983,2020-04-30
2022,1544,2018-04-24
2151,1822,2018-03-28
2184,1808,2019-11-12
132,66,2020-05-21
2064,1822,2018-03-14
93,1983,2020-04-19
136,1822,2018-02-05
773,1544,2018-03-04
296,1808,2020-01-04
619,1822,2018-04-11
226,1822,2018-03-07
441,1822,2018-04-09
1814,81,2020-01-26
501,1992,2019-03-20
297,81,2020-04-22
2164,64,2020-04-07
715,1822,2018-05-04
655,1808,2019-12-08
1014,64,2020-02-05
1144,1808,2020-01-13
1740,81,2020-03-31
769,1812,2020-01-26
1731,1544,2018-05-04
1979,1822,2018-02-17
2209,1808,2020-02-06
39,81,2020-02-15
523,1983,2020-04-20
1951,1808,2020-01-29
1376,1808,2020-01-29
8,1822,2018-02-10
1146,1822,2018-04-07
665,81,2020-02-18
1325,1983,2020-05-02
405,1992,2019-01-28
1512,81,2020-04-15
765,1983,2020-03-26
2,1544,2018-04-25
336,1808,2020-01-12
87,1544,2018-03-12
78,1992,2019-03-19
1171,1983,2020-04-09
1100,81,2020-04-22
1782,1983,2020-03-01
1921,1983,2020-02-08
1669,1822,2018-02-28
34,81,2020-02-04
452,1983,2020-03-28
1456,1822,2018-04-24
1598,1983,2020-02-14
1451,1808,2020-01-09
1358,66,2020-07-15
1305,1808,2020-01-14
1610,1822,2018-04-20
509,1544,2018-02-24
1414,1822,2018-02-05
902,81,2020-03-21
1828,1822,2018-04-22
1567,1983,2020-04-24
1293,1812,2020-01-31
71,1822,2018-02-19
225,1983,2020-03-10
586,1983,2020-04-08
2179,1808,2020-01-06
1800,1822,2018-04-29
1909,1983,2020-03-16
1494,1983,2020-03-14
2144,1983,2020-04-08
1986,1822,2018-03-05
680,1983,2020-04-14
1895,1983,2020-02-11
2195,1983,2020-04-11
1425,1983,2020-01-31
1099,1812,2020-02-24
33,1822,2018-04-06
1416,1822,2018-03-12
1399,1808,2019-11-16
1994,1544,2018-03-13
1533,1808,2019-12-25
248,1822,2018-02-13
752,1822,2018-04-07
1299,1808,2020-02-03
1461,1983,2020-04-22
1506,1544,2018-03-15
20,81,2020-04-11
804,1822,2018-04-20
34,1544,2018-04-07
1102,1992,2019-03-12
1436,1808,2019-12-03
720,1544,2018-04-10
163,1983,2020-04-26
119,1808,2020-01-31
149,64,2020-01-22
2150,1992,2019-02-20
158,1808,2019-11-24
654,1983,2020-02-18
727,1808,2020-01-18
1364,1812,2020-02-11
1467,1983,2020-03-16
220,1983,2020-03-15
889,1812,2020-03-26
126,64,2020-02-05
1871,81,2020-04-18
2119,64,2020-01-18
505,1822,2018-03-04
227,1983,2020-02-24
618,1822,2018-02-16
1478,1808,2020-02-06
450,1983,2020-03-20
2081,1983,2020-03-31
1432,1983,2020-03-27
478,1808,2020-01-26
176,1822,2018-03-14
1198,1808,2020-01-01
1521,81,2020-04-17
482,1983,2020-03-04
860,1808,2020-01-05
1222,1822,2018-03-28
1890,1822,2018-04-03
1078,81,2020-02-09
1764,1822,2018-02-02
1668,1983,2020-02-03
920,1983,2020-02-25
2124,81,2020-03-25
1462,1808,2019-11-13
511,81,2020-03-23
1812,81,2020-03-21
150,1808,2019-11-19
491,1808,2019-11-02
1228,1822,2018-02-21
1426,1992,2019-02-13
611,1992,2019-03-02
1640,1808,2019-12-31
346,1808,2020-02-08
442,1812,2020-02-05
307,81,2020-02-21
138,1808,2020-01-17
959,1808,2019-12-07
727,1983,2020-01-29
1356,1808,2020-02-09
9,1812,2020-03-21
1998,1822,2018-02-23
2160,81,2020-01-18
531,81,2020-04-22
743,1983,2020-03-31
1251,1808,2019-11-26
728,1983,2020-04-14
1906,1822,2018-03-05
950,1983,2020-03-20
1868,1983,2020-02-25
2198,1544,2018-04-21
1889,1808,2020-01-07
1862,1544,2018-03-04
363,81,2020-01-28
857,1808,2019-12-27
857,81,2020-02-05
1811,1808,2019-12-13
671,1808,2019-12-30
126,1992,2019-02-12
269,1808,2020-01-16
785,1822,2018-03-14
308,1808,2020-01-27
2011,1983,2020-04-23
1540,64,2020-03-09
1524,1983,2020-03-15
143,1822,2018-05-03
2192,1808,2019-11-17
1542,1822,2018-04-07
1301,1822,2018-02-11
1659,81,2020-02-18
2094,1983,2020-01-29
2180,1822,2018-04-06
267,81,2020-03-23
365,1983,2020-03-31
2122,1983,2020-04-28
1373,1808,2019-12-18
2109,1822,2018-04-08
1507,1808,2019-12-23
738,1983,2020-02-17
532,1544,2018-04-18
1325,1822,2018-02-11
235,1983,2020-04-28
1336,1983,2020-01-29
41,1822,2018-03-31
1445,66,2020-05-24
1120,81,2020-02-10
891,81,2020-04-25
1189,1808,2019-11-15
1920,1992,2019-02-28
1614,1808,2019-12-30
2109,81,2020-03-28
1920,1808,2019-11-03
490,1983,2020-04-30
1063,1822,2018-02-04
2043,1822,2018-04-25
1551,64,2020-04-26
1486,1808,2019-12-10
2177,64,2020-03-09
1757,1812,2020-02-15
1465,1808,2019-11-03
1137,1822,2018-03-05
12,1822,2018-04-17
1071,1983,2020-03-11
1361,1983,2020-03-31
1068,1822,2018-05-02
987,1822,2018-03-10
829,1983,2020-03-19
1435,81,2020-02-29
687,1983,2020-04-21
789,1983,2020-03-06
212,1544,2018-03-06
974,1808,2019-12-08
854,1992,2019-03-04
121,1808,2020-01-21
400,66,2020-05-28
800,1808,2019-12-12
1033,1983,2020-04-26
877,1808,2020-01-01
1210,81,2020-01-20
2174,1808,2019-12-12
2042,1822,2018-02-19
1962,1822,2018-03-25
1716,1992,2019-01-07
257,1544,2018-04-16
1581,1822,2018-04-22
193,1822,2018-02-18
1470,1808,2020-01-05
947,1544,2018-03-08
864,1808,2020-02-03
1789,81,2020-02-06
1877,81,2020-04-13
1882,1983,2020-02-13
106,1822,2018-02-19
2162,1983,2020-02-27
1700,1822,2018-04-09
493,1992,2019-02-18
2163,1822,2018-04-20
1936,1822,2018-02-17
1804,81,2020-01-28
547,1992,2019-02-03
799,1822,2018-04-16
2076,81,2020-02-21
1214,1812,2020-02-12
1537,81,2020-02-07
1241,1544,2018-04-02
818,1544,2018-05-07
1438,1544,2018-03-05
247,1812,2020-02-02
826,81,2020-04-03
669,1822,2018-03-31
2196,1822,2018-03-31
56,1992,2019-01-19
1814,1822,2018-04-08
927,1822,2018-03-26
1472,81,2020-04-20
1459,1808,2020-01-05
2131,1808,2020-01-31
2205,1812,2020-03-13
875,1544,2018-03-10
739,64,2020-01-30
106,1983,2020-01-28
890,1822,2018-04-16
1576,1822,2018-04-02
1429,1983,2020-02-06
980,1808,2020-02-08
1392,81,2020-04-26
1487,81,2020-03-20
1949,1808,2019-11-19
1701,1992,2019-03-11
2063,1544,2018-04-08
2004,64,2020-03-04
828,1808,2020-01-21
9,1544,2018-03-16
1746,1808,2020-01-11
1887,1808,2019-12-31
1498,1822,2018-04-09
1594,1544,2018-04-28
2024,1808,2020-01-03
1934,64,2020-01-20
898,1983,2020-04-13
1829,1812,2020-02-26
1175,1983,2020-02-11
1713,1808,2019-11-05
1248,1808,2019-11-26
1844,81,2020-03-01
1724,1544,2018-03-11
1414,1808,2019-11-07
1692,1822,2018-02-21
493,1544,2018-04-25
1429,1822,2018-01-27
1318,1983,2020-03-08
705,1822,2018-04-30
1448,1983,2020-04-29
2015,1808,2019-11-26
389,1822,2018-03-01
1902,81,2020-01-22
166,1822,2018-02-02
1322,1822,2018-01-31
988,1812,2020-04-16
124,1808,2019-11-23
2105,1812,2020-01-25
82,1983,2020-01-29
1139,1808,2019-11-13
1223,1822,2018-02-07
407,1822,2018-03-02
1079,1822,2018-03-25
2200,1808,2019-11-28
43,1822,2018-04-01
1011,1822,2018-03-23
1734,1808,2019-12-16
58,1808,2019-11-29
1493,1983,2020-02-28
1086,1822,2018-04-17
126,1808,2019-11-04
2183,1812,2020-01-19
973,1808,2019-12-17
198,1983,2020-04-15
2097,1822,2018-02-26
1909,1992,2019-01-09
1524,1808,2019-11-22
91,1992,2018-12-22
669,1808,2020-01-08
2017,1822,2018-02-09
668,1983,2020-05-01
1550,1808,2019-12-15
888,1983,2020-02-29
80,1808,2019-11-21
1126,1983,2020-03-05
1001,1544,2018-02-10
801,1822,2018-02-01
1015,1822,2018-02-10
743,1822,2018-03-04
1109,1544,2018-03-30
1044,1983,2020-05-01
1705,1983,2020-04-15
1584,81,2020-03-29
1478,81,2020-02-08
1871,1983,2020-03-14
1783,1822,2018-02-26
2038,81,2020-04-19
850,1808,2019-11-06
219,66,2020-04-25
932,1983,2020-02-25
1942,1822,2018-04-10
2099,1983,2020-02-15
1637,1812,2020-03-06
2033,81,2020-04-13
2041,1544,2018-04-02
1272,1822,2018-03-22
161,1544,2018-02-03
216,1808,2020-01-22
1818,1544,2018-03-29
727,1992,2018-12-23
1371,1822,2018-04-07
1262,1983,2020-04-20
428,81,2020-02-04
2083,1822,2018-02-28
2201,81,2020-02-16
63,1808,2020-01-26
1870,1808,2019-12-28
348,1992,2019-03-02
591,1822,2018-02-01
2015,1544,2018-03-23
1899,1808,2019-12-10
1165,1544,2018-02-16
329,1808,2020-01-31
1814,1983,2020-04-01
9,1808,2020-02-01
218,1983,2020-02-12
206,1822,2018-02-02
370,81,2020-04-02
661,1808,2019-12-29
9,1822,2018-04-23
2085,1808,2019-12-06
1978,1822,2018-02-04
2184,1983,2020-04-02
1388,64,2020-02-03
960,1983,2020-03-05
1399,64,2020-03-27
392,1983,2020-04-23
910,1983,2020-02-01
1201,1822,2018-04-17
1674,1983,2020-02-05
551,1822,2018-01-31
1226,81,2020-04-25
931,1808,2020-02-07
1539,1822,2018-04-13
514,1992,2019-01-31
1629,1808,2019-12-20
2031,1983,2020-03-12
270,81,2020-03-29
1246,1992,2019-03-05
302,1822,2018-02-14
670,1808,2020-02-07
562,1808,2020-01-21
1399,1983,2020-04-12
345,1808,2019-11-22
84,64,2020-01-29
1314,1983,2020-02-15
749,1992,2019-03-02
126,1544,2018-02-20
1964,1992,2019-01-17
762,64,2020-01-24
1460,1808,2019-12-11
1803,81,2020-04-06
1173,1544,2018-03-23
487,1822,2018-02-20
2110,1822,2018-04-23
1712,1808,2019-12-21
1631,1822,2018-03-28
1016,1983,2020-02-02
1117,81,2020-04-01
425,81,2020-03-19
66,1822,2018-03-30
1405,1808,2020-01-09
1855,81,2020-01-22
723,1808,2019-11-07
728,1544,2018-04-08
984,81,2020-04-14
285,64,2020-03-12
864,1983,2020-03-11
1106,1983,2020-02-08
2146,1822,2018-03-25
155,1808,2019-11-03
1374,1812,2020-01-18
471,1983,2020-03-13
1499,1808,2020-02-04
812,1808,2019-11-27
2189,1983,2020-04-24
1028,64,2020-04-08
1791,1992,2019-02-12
2176,1983,2020-02-25
678,66,2020-07-12
238,1808,2020-01-10
867,1983,2020-02-11
535,1544,2018-04-23
2207,1822,2018-02-19
545,1983,2020-04-17
1973,1983,2020-02-01
418,1983,2020-02-28
1351,1544,2018-04-25
1653,81,2020-02-15
26,1808,2019-12-13
358,1983,2020-02-04
1706,81,2020-03-24
269,1983,2020-05-02
241,1808,2019-12-11
995,1808,2019-11-12
1993,1983,2020-03-02
802,81,2020-03-16
767,1808,2020-02-02
1698,81,2020-04-10
1391,1822,2018-05-04
1058,1983,2020-02-18
2029,1544,2018-03-05
1524,1822,2018-05-04
725,1822,2018-04-11
103,1808,2019-12-16
1125,1822,2018-03-28
606,64,2020-03-18
450,81,2020-01-26
146,1544,2018-02-25
929,1822,2018-05-02
1053,1992,2019-03-23
411,1992,2018-12-25
603,1822,2018-03-23
50,1808,2019-11-04
29,81,2020-03-17
1361,1822,2018-01-29
1225,1992,2019-03-26
1221,1992,2018-12-21
159,1808,2020-01-18
575,81,2020-02-15
2069,1808,2019-11-03
755,1812,2020-03-20
1577,81,2020-03-18
2065,1808,2019-12-01
378,1822,2018-04-02
91,81,2020-04-12
883,1992,2019-02-19
1780,1808,2019-12-09
427,1544,2018-03-24
2184,81,2020-02-05
44,1808,2019-12-17
2062,1983,2020-04-13
1518,81,2020-03-11
4,1808,2020-02-09
839,1808,2020-02-02
541,1992,2019-02-16
1885,1822,2018-04-13
1534,81,2020-04-15
5,1992,2019-02-22
867,1822,2018-01-28
518,1812,2020-02-20
1847,81,2020-02-01
827,1983,2020-04-21
1721,81,2020-04-06
294,1808,2019-12-06
1039,1822,2018-02-11
1396,1544,2018-02-12
659,1812,2020-01-26
362,1808,2020-01-27
901,1822,2018-03-20
1739,1983,2020-02-21
810,1808,2020-01-27
127,1822,2018-03-16
894,1822,2018-02-13
121,1992,2019-01-15
1591,1808,2020-02-04
1023,66,2020-06-25
2204,1983,2020-03-10
1401,1983,2020-03-26
2150,1812,2020-01-18
311,1822,2018-03-30
515,1983,2020-04-08
1702,64,2020-03-03
1085,1983,2020-04-25
1707,1812,2020-03-04
1820,1983,2020-03-17
1055,1808,2019-11-24
1938,1812,2020-03-12
1187,1808,2019-12-12
1601,1822,2018-01-27
1971,81,2020-03-14
874,1812,2020-04-10
896,81,2020-03-04
598,1812,2020-04-16
1614,81,2020-03-27
1601,1812,2020-04-14
1607,1822,2018-03-09
1061,1822,2018-01-31
1859,1983,2020-02-13
1492,1992,2018-12-17
1874,1808,2020-01-05
552,1808,2019-12-10
1231,1544,2018-04-30
56,1812,2020-03-23
1741,1992,2019-03-04
129,1983,2020-02-20
976,81,2020-03-08
1472,1983,2020-01-24
1281,81,2020-02-15
901,1808,2019-12-08
63,1822,2018-02-01
263,1544,2018-03-20
2002,64,2020-03-15
503,1983,2020-03-23
1181,1808,2019-11-26
2094,1808,2019-12-04
507,1992,2019-01-07
2193,1983,2020-04-09
1242,1808,2020-02-08
1965,81,2020-02-29
269,81,2020-04-23
1571,1822,2018-02-21
934,81,2020-04-03
1915,1808,2020-01-20
648,1808,2019-11-18
2068,1544,2018-02-21
486,1812,2020-02-29
1321,1983,2020-04-03
1919,1808,2019-11-17
2068,1808,2019-12-27
1346,1822,2018-03-11
1907,1822,2018-02-17
6,1812,2020-03-10
626,81,2020-04-23
1813,1808,2019-12-31
1843,1983,2020-05-03
186,1808,2019-12-07
989,81,2020-03-02
1569,1822,2018-02-06
2059,1983,2020-04-12
1635,1808,2020-01-03
1936,1812,2020-02-23
1008,1983,2020-03-03
1844,1822,2018-03-17
1787,1808,2020-01-04
775,1808,2020-02-05
2058,1983,2020-04-21
689,1544,2018-02-01
1421,1822,2018-04-14
846,1983,2020-04-10
1368,1983,2020-01-25
1638,1808,2020-01-26
245,1822,2018-02-15
540,64,2020-04-01
1764,81,2020-01-21
2073,1808,2019-11-13
1983,1808,2020-01-18
1938,1983,2020-04-12
461,1983,2020-02-06
1375,1808,2019-11-08
1761,81,2020-02-11
1115,1983,2020-03-13
2083,1808,2019-11-15
1225,1822,2018-04-16
956,1544,2018-05-04
628,1808,2019-11-05
1107,1808,2020-01-03
1927,1983,2020-03-25
100,1808,2019-11-16
778,1822,2018-02-03
2100,1822,2018-04-01
247,1822,2018-02-20
1312,1808,2020-01-07
639,1808,2020-01-06
1268,1822,2018-03-18
1700,81,2020-01-24
2050,1983,2020-03-01
318,1983,2020-02-16
1758,1812,2020-01-27
506,81,2020-03-02
1362,1808,2019-11-25
274,1983,2020-02-01
160,1822,2018-04-18
2201,1808,2019-11-08
999,81,2020-03-19
1863,1983,2020-03-07
212,64,2020-04-09
700,1544,2018-03-05
1759,64,2020-01-29
544,1808,2019-12-23
2043,1544,2018-04-26
2195,81,2020-02-13
1028,1983,2020-02-20
105,1983,2020-03-02
998,1544,2018-04-17
1959,1544,2018-05-04
676,81,2020-01-24
284,81,2020-04-04
552,1822,2018-02-28
185,1822,2018-04-17
1154,1822,2018-02-26
19,1983,2020-04-23
26,1544,2018-02-14
1479,1808,2019-11-28
64,1808,2019-12-25
996,1822,2018-05-01
1083,64,2020-03-14
1433,1983,2020-02-09
1385,64,2020-01-18
1723,1992,2018-12-23
1415,1808,2020-01-11
701,1808,2020-01-03
736,1808,2019-11-20
1972,1983,2020-04-08
463,66,2020-04-29
174,1822,2018-02-14
1940,1808,2019-11-15
2121,1983,2020-04-22
169,1544,2018-03-25
209,1544,2018-04-22
1694,1536,2018-06-12
130,1808,2019-11-20
1304,1992,2019-03-02
17,1808,2019-11-29
1161,81,2020-03-12
1168,1822,2018-04-23
1192,81,2020-02-25
842,1808,2020-02-01
2096,1822,2018-05-02
1655,1983,2020-02-22
1860,1808,2019-11-14
1481,1983,2020-03-01
388,1822,2018-03-16
961,81,2020-03-07
1176,66,2020-05-16
1723,81,2020-02-20
16,1822,2018-03-27
822,64,2020-01-22
1200,1822,2018-03-20
2175,64,2020-02-10
1220,1822,2018-04-21
1785,81,2020-01-25
1267,1808,2019-12-22
1544,1536,2018-06-19
944,1822,2018-02-18
1177,1544,2018-04-19
1593,1812,2020-02-19
243,1992,2019-01-25
1710,1822,2018-05-02
701,1822,2018-02-23
1230,1983,2020-02-25
1292,1808,2019-12-17
923,1822,2018-04-26
267,1822,2018-01-26
881,1822,2018-04-20
1221,1983,2020-01-26
1699,1544,2018-04-22
736,1983,2020-03-29
838,1992,2019-02-17
1728,1983,2020-04-09
262,1808,2019-11-19
2064,1983,2020-03-28
1487,1808,2019-12-02
1922,81,2020-03-08
439,1822,2018-02-18
977,1992,2019-02-13
2109,1983,2020-05-02
1022,1822,2018-04-16
1630,1992,2019-02-26
1402,1808,2019-11-18
1996,1808,2020-01-29
1000,66,2020-07-01
1630,1808,2019-11-20
645,1808,2020-01-12
61,1983,2020-04-18
2104,1822,2018-03-15
841,1808,2020-01-30
315,1808,2019-11-13
1008,81,2020-03-30
2191,1992,2019-02-22
884,1808,2019-12-08
656,1822,2018-04-22
1470,1983,2020-04-04
1634,1822,2018-02-25
536,1983,2020-04-17
2209,81,2020-03-31
874,1983,2020-05-01
844,1808,2019-11-15
1527,1808,2019-11-06
872,1983,2020-03-16
123,1544,2018-02-11
314,1983,2020-03-12
672,1544,2018-02-23
866,64,2020-01-31
846,81,2020-04-12
779,1822,2018-01-31
1229,81,2020-04-01
806,1808,2020-02-08
1078,1808,2020-01-14
682,1808,2020-01-16
636,1822,2018-02-24
1444,1822,2018-03-28
1510,1544,2018-03-20
1352,1983,2020-01-26
1415,1983,2020-02-25
147,1992,2019-01-01
1228,1983,2020-02-04
788,81,2020-03-31
57,1808,2020-02-05
323,1983,2020-03-01
1069,81,2020-01-27
1423,1992,2019-02-26
36,81,2020-02-09
195,1983,2020-02-21
707,1544,2018-02-03
116,81,2020-03-18
2090,1808,2020-01-03
1227,1983,2020-05-03
482,1544,2018-03-20
18,1808,2019-11-01
788,1822,2018-04-06
1366,1808,2019-12-28
1159,1822,2018-03-21
2193,81,2020-02-05
1440,1983,2020-02-15
744,1812,2020-03-13
2080,81,2020-03-08
2095,1808,2019-12-02
83,80,2018-04-20
20,1822,2018-01-27
732,1808,2020-01-15
1599,1808,2019-12-12
737,81,2020-01-31
964,1822,2018-03-01
1615,1544,2018-03-04
1112,1822,2018-03-07
1343,66,2020-06-27
1570,1808,2019-11-16
1421,1808,2020-01-03
1089,1992,2018-12-21
215,81,2020-03-03
1174,1983,2020-04-29
1697,1812,2020-01-17
2143,81,2020-04-09
903,81,2020-01-23
291,1808,2020-01-21
156,1544,2018-03-13
187,1983,2020-05-02
236,1544,2018-04-02
1086,1992,2019-02-27
1447,1983,2020-01-31
1555,81,2020-03-17
524,1983,2020-04-06
1913,1822,2018-03-03
685,1822,2018-04-24
981,81,2020-03-07
1206,64,2020-03-10
1458,1822,2018-04-02
65,1983,2020-02-28
1910,1822,2018-04-27
8,66,2020-07-04
1564,1544,2018-03-28
1775,1808,2020-01-29
